Customer_ID,Age,Tenure,Monthly_Usage,Complaints,Returns,Emails_Opened,Daily_Logins,Sensor_Triggers,Event_Timestamp,Churn
1,56,29,69.30225024,3,0,9,2,9,25-01-2024,0
2,69,44,215.2844172,4,2,0,1,2,18-05-2024,1
3,46,53,378.0772434,1,2,7,1,3,17-01-2024,0
4,32,24,44.79375562,0,0,3,3,0,05-02-2024,0
5,60,58,49.2882069,3,1,8,2,3,05-04-2024,0
6,25,3,183.837933,2,0,0,4,4,21-01-2024,0
7,38,20,471.4455987,1,0,1,2,2,18-01-2024,0
8,56,46,337.6005969,2,2,5,3,9,25-05-2024,0
9,36,15,342.5482788,3,2,9,4,1,01-01-2024,0
10,40,25,,2,0,0,4,5,21-05-2024,0
11,28,30,300.8937877,1,1,3,1,7,15-05-2024,0
12,,14,14.96428017,3,0,7,2,6,20-02-2024,1
13,41,7,321.6870627,0,0,9,4,0,19-03-2024,0
14,,17,457.5106043,1,1,4,3,3,10-06-2024,0
15,57,44,310.1609995,4,0,8,1,2,05-02-2024,1
16,41,20,438.1123108,1,0,5,4,5,02-03-2024,0
17,20,36,364.7467972,3,2,0,2,8,08-05-2024,0
18,39,9,69.07362404,1,1,5,1,8,25-03-2024,0
19,19,38,,0,2,5,2,6,11-02-2024,0
20,41,48,,0,2,5,2,8,01-01-2024,0
21,61,57,271.6440615,4,1,7,2,7,23-02-2024,1
22,47,22,79.64719066,2,1,5,1,4,23-06-2024,0
23,55,54,15.73623926,3,0,4,4,8,09-04-2024,0
24,19,53,216.7967875,3,2,1,0,6,08-02-2024,0
25,38,53,154.5699468,2,1,3,4,4,06-06-2024,0
26,,2,248.140242,0,2,,1,7,07-01-2024,0
27,29,24,292.8279445,0,2,4,0,6,29-05-2024,0
28,39,8,31.43214543,1,1,,0,8,30-04-2024,0
29,61,11,70.27161461,4,0,3,0,9,26-06-2024,1
30,42,13,283.7347743,4,2,1,3,0,14-02-2024,1
31,66,17,178.1520031,4,1,6,1,8,14-03-2024,1
32,44,8,367.2950089,1,0,,3,6,29-04-2024,0
33,59,21,329.6229078,4,2,9,0,0,12-03-2024,1
34,45,18,424.3461379,2,1,1,3,0,17-05-2024,0
35,33,30,349.3214851,1,2,0,3,4,21-05-2024,0
36,32,18,220.6662279,2,1,4,1,7,15-02-2024,0
37,64,46,339.753645,1,1,0,2,8,02-05-2024,0
38,,47,144.9367754,4,2,0,3,5,27-04-2024,1
39,,31,160.0936144,2,2,0,3,9,15-03-2024,0
40,,38,396.6027284,2,1,5,0,7,06-01-2024,0
41,20,32,228.745563,2,0,8,0,5,21-01-2024,0
42,54,11,401.2063669,1,2,9,0,5,26-05-2024,0
43,68,45,412.9869631,3,1,0,4,3,12-04-2024,0
44,24,25,430.2055455,4,1,4,3,4,28-03-2024,1
45,,33,459.1512656,2,0,8,0,1,08-04-2024,0
46,26,38,221.1827581,3,0,8,1,2,02-03-2024,0
47,56,41,166.244741,4,0,0,4,2,16-04-2024,1
48,35,8,295.2773858,4,2,7,2,4,23-03-2024,1
49,21,11,191.8744875,2,1,0,3,4,31-05-2024,0
50,42,22,304.5263417,2,1,7,3,5,25-02-2024,0
51,31,51,355.7370727,1,1,0,1,4,10-06-2024,0
52,67,24,347.3184591,3,0,4,2,5,22-01-2024,0
53,26,41,193.5309146,3,1,7,2,7,08-03-2024,0
54,43,17,91.76149883,2,2,5,4,1,10-01-2024,0
55,19,12,220.9593758,4,0,8,3,3,06-03-2024,1
56,37,57,79.8711306,2,0,0,0,5,08-01-2024,0
57,45,46,446.1475472,4,0,8,1,4,02-05-2024,1
58,64,32,179.4799558,4,0,0,1,0,07-02-2024,1
59,24,15,85.68527614,2,2,9,1,8,02-05-2024,0
60,61,16,22.46940235,0,1,9,1,2,02-03-2024,1
61,25,54,326.4529693,3,2,2,0,1,04-06-2024,0
62,64,22,322.0821356,4,1,0,0,8,17-05-2024,1
63,52,28,176.8960416,4,2,2,4,6,14-02-2024,1
64,31,20,45.13882554,0,0,,3,4,05-03-2024,0
65,34,33,210.7181585,1,0,,0,5,07-03-2024,0
66,53,10,162.4965726,0,2,8,4,3,16-05-2024,0
67,67,40,341.7891135,0,2,7,2,0,12-05-2024,0
68,57,32,306.8318322,4,1,0,3,3,15-04-2024,1
69,21,50,188.6509268,3,2,3,0,8,17-05-2024,0
70,19,33,116.7673516,0,2,0,2,0,19-05-2024,0
71,23,2,494.1376234,1,1,0,4,9,22-03-2024,0
72,59,33,232.4607944,2,1,3,0,2,27-02-2024,0
73,21,33,347.2543755,0,1,1,0,4,28-05-2024,0
74,46,41,78.87095411,0,2,2,2,6,28-05-2024,0
75,35,13,247.9389528,1,1,8,0,8,10-05-2024,0
76,43,30,23.49299274,3,0,1,1,5,09-03-2024,1
77,61,33,257.6730078,0,0,3,0,2,29-03-2024,0
78,51,13,482.3685295,0,0,0,3,6,04-03-2024,0
79,27,52,198.2612894,3,2,1,2,3,25-06-2024,0
80,53,26,29.10804616,1,0,4,3,2,12-03-2024,1
81,31,22,25.16833755,0,2,9,4,6,17-01-2024,1
82,48,39,200.1135124,3,2,0,3,6,13-03-2024,0
83,65,2,88.41221887,0,0,6,1,3,08-06-2024,0
84,32,38,21.4425272,2,1,3,1,6,10-03-2024,0
85,25,39,380.5446708,4,2,5,3,1,22-04-2024,1
86,31,26,234.6762744,2,0,7,4,0,21-01-2024,0
87,40,46,151.7299383,0,2,5,0,1,14-05-2024,0
88,57,58,451.0407597,1,1,1,1,3,07-01-2024,0
89,38,50,66.9080905,4,1,0,3,7,20-04-2024,1
90,33,15,478.4002262,2,0,7,3,2,27-01-2024,0
91,62,34,163.8436915,3,2,7,3,9,08-01-2024,0
92,35,42,445.3177994,1,2,8,0,5,28-01-2024,0
93,64,55,305.4420095,2,2,5,2,5,16-02-2024,0
94,41,44,415.0866063,3,2,0,4,8,26-03-2024,0
95,43,49,492.16645,0,0,8,2,8,10-01-2024,0
96,42,40,151.3186645,3,1,2,4,3,23-04-2024,0
97,62,11,480.9563878,2,0,5,4,8,02-02-2024,0
98,58,3,200.8461285,2,2,9,3,5,14-05-2024,0
99,46,59,,0,2,9,1,1,10-05-2024,0
100,32,6,176.7896811,3,1,8,3,9,14-01-2024,0
101,62,9,275.2897276,3,2,2,0,5,20-06-2024,0
102,18,6,85.53107116,0,0,4,4,1,15-02-2024,0
103,42,9,281.3186278,3,0,4,1,7,01-03-2024,0
104,24,39,275.4353581,0,1,9,4,3,12-06-2024,0
105,26,31,383.3318882,1,0,6,4,4,13-01-2024,0
106,41,32,418.4884813,2,0,3,3,7,16-01-2024,0
107,18,41,225.8162617,1,0,3,1,7,12-05-2024,0
108,61,50,158.1432922,4,0,6,1,5,07-02-2024,1
109,25,12,137.0740997,4,2,8,4,3,26-06-2024,1
110,41,8,105.36568,4,0,3,1,0,07-02-2024,1
111,28,8,38.24731528,0,1,3,1,6,12-04-2024,1
112,68,50,177.7995096,3,1,5,3,7,25-02-2024,0
113,34,28,142.4213691,1,0,,2,8,03-03-2024,0
114,25,20,483.5445191,1,1,6,0,1,29-04-2024,0
115,52,47,283.2773249,1,0,0,2,0,17-02-2024,0
116,52,59,180.1657491,1,1,2,1,3,14-04-2024,0
117,50,7,294.4291245,4,1,8,4,4,28-02-2024,1
118,22,11,78.20638366,1,0,5,0,9,17-03-2024,0
119,59,20,227.5814371,3,0,5,0,0,20-06-2024,0
120,56,16,316.8548175,4,2,4,4,4,06-05-2024,1
121,58,4,249.5599376,1,0,2,0,5,24-02-2024,0
122,45,6,206.8716123,0,0,4,4,2,24-02-2024,0
123,24,58,496.9857106,2,2,0,0,6,08-05-2024,0
124,26,22,441.3542335,2,0,2,2,5,15-05-2024,0
125,25,26,315.4689195,2,0,3,0,3,06-05-2024,0
126,29,3,288.994907,4,2,4,3,2,11-05-2024,1
127,51,41,314.1236351,1,0,9,4,4,25-03-2024,0
128,50,42,108.6429328,4,0,8,0,2,24-04-2024,1
129,65,14,203.6174942,3,2,3,4,9,27-02-2024,0
130,40,11,29.33517112,0,2,2,3,8,06-02-2024,1
131,41,18,243.0175584,0,1,9,0,8,18-02-2024,0
132,54,54,276.0820461,2,0,0,0,5,07-03-2024,0
133,52,12,121.5973707,2,1,9,3,5,19-01-2024,0
134,61,23,482.3741351,2,1,5,3,3,08-05-2024,0
135,57,12,,1,2,6,3,3,29-01-2024,0
136,39,13,363.8501854,3,0,9,4,1,27-03-2024,0
137,44,25,,3,0,7,3,9,02-02-2024,0
138,52,45,436.2848882,3,2,0,4,3,28-04-2024,0
139,18,51,74.01964847,3,1,,2,7,28-06-2024,0
140,52,58,397.3497992,2,2,4,0,9,17-06-2024,0
141,54,19,71.16219884,0,0,1,0,1,30-05-2024,0
142,64,55,399.1632246,2,2,,1,8,12-05-2024,0
143,31,46,145.1261084,3,0,7,2,0,11-03-2024,0
144,20,36,439.7743847,2,1,5,3,1,13-05-2024,0
145,18,45,472.580626,3,0,4,3,1,25-06-2024,0
146,22,8,82.91002501,4,1,8,2,5,22-01-2024,1
147,,29,236.7110465,0,1,1,3,6,17-03-2024,0
148,31,55,490.6838153,4,0,9,1,2,04-01-2024,1
149,56,53,246.8696436,1,0,7,4,8,12-03-2024,0
150,44,55,433.138286,2,1,9,0,4,13-06-2024,0
151,26,32,298.4784458,1,2,8,2,4,07-06-2024,0
152,32,51,193.9116549,2,0,0,0,3,13-06-2024,0
153,32,44,150.0339422,4,1,6,4,8,07-05-2024,1
154,43,18,109.5793146,3,1,7,2,7,14-02-2024,0
155,59,6,383.2811138,3,2,2,4,3,15-05-2024,0
156,30,18,199.4048483,2,0,3,3,3,16-06-2024,0
157,68,19,260.5249765,3,1,2,3,1,02-04-2024,0
158,49,22,251.2394852,4,2,6,3,8,05-01-2024,1
159,56,37,292.8667243,3,1,8,4,2,04-06-2024,0
160,66,32,434.1328014,4,0,2,4,3,13-04-2024,1
161,69,56,490.5622784,1,2,5,4,6,21-03-2024,0
162,49,41,209.7162622,4,1,7,0,9,27-03-2024,1
163,21,59,415.4842718,0,2,5,4,7,16-05-2024,0
164,47,3,384.6186194,0,0,1,3,7,09-05-2024,0
165,54,28,291.0291862,0,2,6,1,3,03-03-2024,0
166,40,10,478.4631004,2,0,1,4,6,20-02-2024,0
167,56,51,108.2325126,2,1,1,1,9,25-04-2024,0
168,62,35,63.53946305,2,0,1,3,0,22-04-2024,0
169,32,29,428.4413638,4,1,0,4,5,31-01-2024,1
170,60,54,225.1834102,2,1,0,0,5,07-01-2024,0
171,46,15,425.0147386,1,0,6,0,5,06-06-2024,0
172,53,33,447.6142005,0,1,4,1,1,03-01-2024,0
173,30,7,40.60422087,4,2,2,0,7,20-02-2024,1
174,49,12,442.8977339,0,1,,0,4,25-02-2024,0
175,24,49,229.6763371,2,0,9,0,4,13-03-2024,0
176,68,30,260.1119196,4,2,5,3,1,10-01-2024,1
177,39,21,317.0303304,3,2,0,0,3,01-03-2024,0
178,45,31,,1,1,8,2,8,19-02-2024,0
179,19,58,19.36688627,2,1,1,4,8,01-05-2024,1
180,59,24,243.6532995,2,0,0,0,5,23-06-2024,0
181,62,20,346.9838008,1,2,6,0,8,01-01-2024,0
182,23,37,364.1264093,1,0,5,0,3,07-02-2024,0
183,45,4,349.3408915,3,1,5,2,0,19-03-2024,0
184,45,28,75.87321341,2,2,,0,1,29-03-2024,0
185,61,44,156.7038383,2,0,3,0,0,22-03-2024,0
186,61,20,185.7706075,0,0,3,4,7,07-03-2024,0
187,37,24,404.1742318,4,0,2,2,8,17-01-2024,1
188,47,50,146.5923375,4,0,9,2,9,06-05-2024,1
189,28,49,113.2454323,0,0,7,0,5,21-04-2024,0
190,45,51,479.1495293,4,2,6,2,1,15-05-2024,1
191,42,32,14.34300971,1,0,8,1,5,29-02-2024,1
192,56,41,498.9322193,4,2,0,2,8,09-02-2024,1
193,50,36,341.6424364,4,0,6,2,2,29-03-2024,1
194,18,58,415.9499567,0,1,9,2,8,10-02-2024,0
195,44,53,154.3635042,3,1,3,3,1,19-05-2024,0
196,69,34,17.01448606,4,0,6,3,4,24-04-2024,1
197,30,36,,4,1,0,3,1,09-04-2024,1
198,58,2,418.7308525,3,2,4,2,6,26-04-2024,0
199,20,15,372.8333047,0,0,2,1,9,29-03-2024,0
200,56,34,,3,2,4,2,8,02-04-2024,0
201,23,36,379.1796819,0,0,3,0,6,18-05-2024,0
202,25,6,386.7721632,1,1,1,1,4,29-02-2024,0
203,44,39,332.6848527,0,2,3,3,3,08-03-2024,0
204,26,42,385.3968071,1,1,2,4,3,18-03-2024,0
205,54,51,424.5015054,1,1,0,1,9,15-02-2024,0
206,50,51,310.666016,0,0,9,3,7,07-02-2024,0
207,68,58,,2,2,7,1,9,17-01-2024,0
208,59,54,248.9376267,0,1,4,1,9,06-03-2024,0
209,61,12,48.04817399,4,0,3,2,9,05-02-2024,1
210,41,3,209.6960852,4,0,9,0,9,14-03-2024,1
211,32,45,209.4821797,2,0,4,4,9,07-01-2024,0
212,49,18,42.34482363,1,1,3,3,0,16-01-2024,1
213,49,40,180.9220616,2,0,2,1,4,14-01-2024,0
214,41,21,64.38906841,4,2,4,4,1,20-03-2024,1
215,58,15,406.0352529,2,2,3,1,8,25-01-2024,0
216,69,33,474.3671327,0,1,0,0,6,14-04-2024,0
217,66,35,45.43507288,2,2,2,4,9,04-01-2024,0
218,66,26,478.0064516,1,0,9,3,7,05-06-2024,0
219,69,8,266.0625337,0,1,9,1,5,06-05-2024,0
220,29,36,156.7871822,3,0,7,0,8,25-02-2024,0
221,56,48,47.66241689,4,1,6,4,5,06-01-2024,1
222,19,30,255.3058914,4,1,1,1,6,08-05-2024,1
223,20,23,399.3126168,2,0,0,1,6,15-06-2024,0
224,66,42,356.4723739,0,2,2,3,8,08-05-2024,0
225,54,44,34.61074562,3,2,4,0,7,24-04-2024,1
226,66,14,45.72189933,0,1,,2,0,26-02-2024,0
227,34,14,207.4079085,4,0,0,1,3,05-03-2024,1
228,66,2,154.6923421,0,0,2,4,6,05-03-2024,0
229,19,55,,3,1,2,3,7,12-04-2024,0
230,19,37,147.6922045,2,2,4,3,6,21-01-2024,0
231,45,5,403.7065442,1,0,2,1,2,06-06-2024,0
232,40,38,465.3217463,0,2,8,1,3,02-02-2024,0
233,54,45,208.5003203,1,2,0,1,6,24-06-2024,0
234,49,41,453.994391,4,1,3,2,7,22-01-2024,1
235,50,54,167.5328936,2,1,9,1,6,19-04-2024,0
236,18,47,,2,2,9,0,5,04-01-2024,0
237,36,14,120.7542089,0,0,3,4,8,20-06-2024,0
238,19,56,323.8332607,2,0,0,1,8,19-05-2024,0
239,61,39,489.7007464,0,1,1,2,6,14-03-2024,0
240,43,25,305.7116171,0,2,0,4,7,28-04-2024,0
241,49,20,185.3289012,1,0,5,3,5,28-06-2024,0
242,23,2,,2,0,2,1,0,02-04-2024,0
243,49,39,70.23113245,0,1,6,4,0,05-03-2024,0
244,21,6,445.4429493,1,2,4,3,5,05-03-2024,0
245,28,17,256.5111359,3,0,8,2,1,10-01-2024,0
246,,59,230.1813736,1,1,6,0,7,25-05-2024,0
247,55,25,297.0737463,1,0,,1,0,16-02-2024,0
248,41,57,316.1440928,0,0,4,0,1,06-03-2024,0
249,22,28,45.17014505,4,0,4,2,7,18-02-2024,1
250,69,2,344.4824384,4,1,4,4,5,22-01-2024,1
251,51,35,128.5465234,4,2,9,4,9,26-03-2024,1
252,23,37,359.8367899,1,1,8,2,1,26-01-2024,0
253,,5,413.0420492,0,2,9,2,1,16-05-2024,0
254,28,1,403.9396687,2,0,2,1,6,28-05-2024,0
255,65,40,280.725474,1,2,5,3,4,04-04-2024,0
256,33,12,264.8832472,1,0,7,0,4,16-04-2024,0
257,50,56,80.00922106,0,0,8,0,7,13-05-2024,0
258,26,36,389.9196137,3,1,6,4,6,14-01-2024,0
259,23,45,142.9905964,1,0,2,4,8,09-06-2024,0
260,33,23,253.3807572,3,1,0,1,3,11-03-2024,0
261,46,47,149.2943055,3,2,3,2,9,31-05-2024,0
262,20,31,75.57589787,4,2,5,0,3,15-03-2024,1
263,37,11,318.4832715,0,0,2,1,1,29-04-2024,0
264,53,10,36.62269706,3,1,,4,2,21-04-2024,0
265,36,3,376.8361647,0,0,5,4,0,20-02-2024,0
266,43,54,165.6175297,4,1,0,0,0,09-05-2024,1
267,20,14,10.06599957,0,1,8,4,6,22-05-2024,1
268,36,16,260.4532782,1,1,,4,4,11-06-2024,0
269,37,10,32.95743518,3,2,,3,2,05-02-2024,0
270,49,29,145.3230833,0,1,0,2,6,27-04-2024,0
271,24,10,356.4184789,2,2,6,4,1,15-06-2024,0
272,69,12,,0,1,2,3,2,04-01-2024,0
273,58,30,421.2758613,3,2,5,1,0,06-01-2024,0
274,50,41,11.8717621,4,2,6,4,7,06-06-2024,1
275,57,1,130.9436959,4,2,0,1,1,19-04-2024,1
276,56,5,373.0429875,3,0,0,4,6,08-04-2024,0
277,35,20,164.9723734,1,1,4,0,8,01-05-2024,0
278,57,8,59.92727015,1,0,5,3,5,26-04-2024,0
279,18,43,,4,1,8,3,1,05-04-2024,1
280,28,12,,4,1,0,0,1,07-03-2024,1
281,45,1,,3,0,3,2,8,29-04-2024,0
282,42,57,163.5404796,1,2,9,3,9,15-01-2024,0
283,67,54,396.5769112,4,1,7,1,7,17-01-2024,1
284,40,20,,1,2,9,3,8,18-01-2024,0
285,48,28,222.5705356,4,0,,2,3,24-04-2024,1
286,47,57,455.8721405,0,2,2,1,3,26-05-2024,0
287,59,43,194.8858464,2,1,1,1,1,16-03-2024,0
288,52,37,482.3984241,0,1,3,0,9,28-03-2024,0
289,24,47,53.75186702,4,1,1,4,0,31-05-2024,1
290,33,37,346.6394406,2,0,0,0,9,31-03-2024,0
291,43,12,251.9688798,2,1,2,4,3,17-02-2024,0
292,,37,199.9479147,4,0,6,0,9,06-06-2024,1
293,69,49,320.0288206,4,2,0,4,9,15-01-2024,1
294,66,49,354.8899749,1,1,1,3,7,23-06-2024,0
295,19,56,12.13800213,4,1,0,1,1,02-05-2024,1
296,18,44,91.80701349,3,1,7,4,7,06-05-2024,0
297,65,56,,4,2,4,3,0,20-06-2024,1
298,29,28,336.5288527,3,1,7,2,0,07-04-2024,0
299,22,47,483.3632775,4,0,2,0,3,03-06-2024,1
300,54,15,382.9085172,1,2,6,2,6,24-03-2024,0
301,49,6,475.8786268,3,2,7,3,8,10-02-2024,0
302,26,44,354.2448458,0,2,5,2,4,05-04-2024,0
303,58,59,156.0455822,3,2,6,2,1,08-03-2024,0
304,52,20,61.6288119,1,2,1,3,6,05-01-2024,0
305,36,50,393.093693,3,0,7,1,1,22-02-2024,0
306,65,14,325.6331185,4,2,4,4,8,01-05-2024,1
307,33,2,33.61114607,4,1,6,0,8,15-05-2024,1
308,20,9,186.4247283,1,2,0,4,2,22-01-2024,0
309,37,37,478.8319096,2,2,4,0,7,15-04-2024,0
310,41,20,255.1965614,4,2,0,4,3,07-01-2024,1
311,50,26,222.0372766,0,2,7,2,2,29-05-2024,0
312,41,29,234.2728065,1,2,3,1,0,15-02-2024,0
313,,1,112.3525348,3,0,3,2,4,30-01-2024,0
314,28,55,190.6665137,3,0,1,1,3,05-05-2024,0
315,66,35,191.2084954,0,2,,3,0,10-04-2024,0
316,,6,35.65395989,4,0,0,0,9,23-05-2024,1
317,53,37,386.108138,1,1,8,0,7,19-03-2024,0
318,55,53,214.0871716,0,2,4,3,7,12-05-2024,0
319,57,59,412.8681445,4,1,5,4,7,07-03-2024,1
320,37,5,426.6705205,1,1,1,3,2,23-01-2024,0
321,52,33,113.8770868,3,2,9,3,5,14-03-2024,0
322,65,49,332.1032063,1,1,9,1,6,05-01-2024,0
323,42,51,241.418084,2,1,0,3,8,30-05-2024,0
324,52,14,441.2768016,1,1,3,0,4,22-03-2024,0
325,42,12,115.7129328,2,2,6,2,8,25-01-2024,0
326,46,42,342.1284682,1,2,5,1,5,08-01-2024,0
327,35,20,307.7985399,2,1,9,1,9,28-05-2024,0
328,63,53,154.697724,3,2,0,4,9,02-01-2024,0
329,35,50,76.93444279,4,2,0,2,9,22-01-2024,1
330,19,24,329.3034826,2,1,7,1,3,12-03-2024,0
331,52,59,371.9127545,2,2,3,3,0,27-03-2024,0
332,33,43,164.6573984,3,0,4,1,0,12-03-2024,0
333,58,34,325.967976,2,2,6,1,9,08-03-2024,0
334,53,25,203.6141447,0,0,7,1,4,04-03-2024,0
335,50,50,359.4713728,3,1,9,4,2,03-04-2024,0
336,21,29,107.6154847,0,2,6,1,4,19-01-2024,0
337,50,57,446.2053513,3,1,1,1,4,07-05-2024,0
338,31,39,150.8307023,2,1,,4,0,27-03-2024,0
339,38,31,190.215134,0,1,9,2,7,22-03-2024,0
340,65,56,38.46505652,2,1,0,0,4,27-03-2024,1
341,37,47,64.64098404,3,1,9,4,4,06-04-2024,0
342,25,43,262.7723323,2,2,8,4,8,21-02-2024,0
343,24,50,141.1204116,0,0,2,1,7,23-06-2024,0
344,20,23,419.3853106,0,2,,1,0,22-03-2024,0
345,34,44,17.19976044,2,2,9,0,2,20-06-2024,1
346,50,38,195.7560838,1,2,8,1,6,06-04-2024,0
347,65,20,175.2993179,3,2,9,3,0,14-05-2024,0
348,29,23,19.47053915,3,0,2,1,0,24-04-2024,0
349,68,45,70.94051551,2,2,7,1,4,01-04-2024,0
350,39,52,212.6849107,1,1,1,3,8,01-01-2024,0
351,,16,251.5036464,0,2,2,0,5,03-03-2024,0
352,63,50,208.1019762,4,2,1,3,9,15-06-2024,1
353,47,42,270.1594624,4,0,0,4,1,19-01-2024,1
354,55,55,301.6145207,2,0,1,3,8,31-01-2024,0
355,55,8,14.86267235,1,1,7,2,5,17-03-2024,1
356,62,50,237.4066281,1,2,8,4,4,30-04-2024,0
357,68,21,482.114628,3,2,1,1,4,24-01-2024,0
358,25,1,264.3258173,0,2,6,4,2,09-03-2024,0
359,44,55,341.9957111,1,1,4,0,5,09-06-2024,0
360,44,8,162.8132904,4,0,2,0,3,28-02-2024,1
361,51,29,389.2557753,0,1,8,3,9,23-04-2024,0
362,38,32,388.7315261,0,2,5,4,1,09-06-2024,0
363,47,38,265.4350634,2,0,0,1,2,08-06-2024,0
364,,5,488.2467734,1,0,4,0,8,10-04-2024,0
365,45,47,71.51960523,2,1,6,1,8,17-06-2024,0
366,64,22,18.3043558,1,0,3,2,5,12-01-2024,0
367,50,47,,3,0,7,0,9,28-04-2024,0
368,22,34,405.5062133,2,2,9,3,9,18-05-2024,0
369,65,1,68.90154227,2,2,4,2,8,06-04-2024,0
370,36,55,140.1355881,4,0,8,4,3,26-05-2024,1
371,21,55,18.60065805,2,0,8,1,4,26-02-2024,0
372,52,26,153.7212193,1,1,8,0,9,11-02-2024,0
373,66,43,388.8395182,4,1,0,2,5,07-04-2024,1
374,34,10,263.8006586,2,0,1,2,8,31-01-2024,0
375,61,30,180.5668407,2,2,2,0,4,28-06-2024,0
376,45,50,192.1522545,3,0,3,4,7,02-01-2024,0
377,47,18,10.6632766,2,0,9,4,0,14-06-2024,0
378,,17,156.9022585,0,2,8,3,4,01-02-2024,0
379,63,26,326.7647834,4,2,9,4,9,17-05-2024,1
380,23,8,487.3552775,0,1,5,3,0,14-04-2024,0
381,52,47,425.0598052,4,1,0,2,9,15-05-2024,1
382,58,40,21.56153268,3,1,8,0,5,15-03-2024,0
383,54,49,450.2946963,2,1,,4,6,14-04-2024,0
384,41,12,393.7672225,2,2,3,3,4,27-05-2024,0
385,46,27,392.3843005,2,0,3,2,0,27-05-2024,0
386,66,8,234.4179219,4,1,2,4,5,06-05-2024,1
387,63,25,205.0225935,2,1,6,1,9,09-01-2024,0
388,48,46,158.4287071,0,2,2,2,4,15-01-2024,0
389,52,4,42.19048089,2,2,1,4,5,06-04-2024,0
390,50,33,121.8353281,3,0,9,2,9,14-04-2024,0
391,69,1,130.8357811,0,0,7,0,6,03-03-2024,0
392,38,19,247.1977642,2,2,3,0,6,21-01-2024,0
393,49,31,376.2477592,2,1,7,0,1,05-01-2024,0
394,40,16,242.1668159,1,1,0,1,2,04-05-2024,0
395,50,14,38.34378023,4,1,4,0,5,11-06-2024,1
396,20,53,479.3170025,0,0,8,1,2,25-03-2024,0
397,35,48,471.9349164,1,1,0,0,1,22-04-2024,0
398,42,5,394.7428761,3,1,3,2,3,24-06-2024,0
399,59,41,495.7506718,4,2,5,4,4,20-03-2024,1
400,48,26,276.7963431,0,1,9,4,9,25-04-2024,0
401,20,28,481.7564916,2,2,7,0,8,11-06-2024,0
402,57,2,47.0464699,0,1,2,4,2,06-04-2024,0
403,63,50,189.1835666,2,0,,0,2,21-01-2024,0
404,41,6,120.4368213,4,1,6,0,5,20-03-2024,1
405,67,9,105.9582112,2,1,0,3,4,08-02-2024,0
406,49,33,78.99344496,3,2,6,3,5,10-06-2024,0
407,64,41,314.9826844,2,2,7,3,6,30-04-2024,0
408,39,25,392.8477093,3,2,7,1,2,03-05-2024,0
409,40,48,293.3662157,4,1,8,3,4,22-05-2024,1
410,19,13,82.0117277,4,1,5,0,7,06-01-2024,1
411,44,9,407.4506473,0,0,5,2,3,25-02-2024,0
412,59,53,321.6178065,3,1,1,3,9,18-02-2024,0
413,19,13,200.201196,3,0,2,3,1,01-04-2024,0
414,43,31,340.3238448,1,2,3,2,3,08-05-2024,0
415,34,41,137.3534398,1,2,3,0,1,05-03-2024,0
416,57,11,179.1441822,1,2,7,1,2,28-01-2024,0
417,50,4,459.5680631,2,0,,3,3,09-04-2024,0
418,26,34,152.3472078,1,1,9,2,3,27-05-2024,0
419,60,38,240.2942514,3,2,3,0,9,24-06-2024,0
420,65,46,446.1691573,2,1,3,4,8,12-03-2024,0
421,56,4,356.7834616,4,1,,1,9,05-03-2024,1
422,46,38,40.47958082,0,2,2,2,5,20-02-2024,1
423,59,19,82.1784917,1,0,4,2,8,19-06-2024,0
424,43,6,13.84237948,4,1,5,2,3,18-02-2024,1
425,52,34,319.1516772,3,2,8,3,8,01-06-2024,0
426,,18,229.3599785,0,1,8,4,8,14-03-2024,0
427,42,13,75.79467694,4,1,8,1,5,17-06-2024,1
428,41,41,479.3877193,0,1,0,0,4,12-01-2024,0
429,30,23,269.5332647,1,1,8,0,2,13-04-2024,0
430,24,19,128.5277141,3,1,7,4,4,21-03-2024,0
431,53,45,255.2957499,0,0,1,2,2,06-05-2024,0
432,62,11,343.013963,4,0,0,2,4,14-01-2024,1
433,37,1,47.35721681,1,2,0,2,4,03-02-2024,1
434,18,24,144.6048694,1,0,5,2,1,17-02-2024,0
435,25,54,405.4130905,4,0,8,2,8,01-03-2024,1
436,63,7,235.2357865,4,0,6,4,6,04-02-2024,1
437,,25,,0,1,4,3,5,28-04-2024,0
438,31,21,222.0798411,2,1,1,1,4,05-03-2024,0
439,29,15,31.5109719,1,2,0,2,3,28-02-2024,1
440,68,1,,0,2,,3,7,05-02-2024,0
441,40,12,228.315403,4,2,0,0,1,26-05-2024,1
442,32,58,112.500878,0,1,2,4,7,11-02-2024,0
443,45,7,34.48972404,4,0,5,3,0,09-03-2024,1
444,51,15,423.3883354,3,0,7,2,9,26-05-2024,0
445,19,21,490.7843393,4,1,2,2,0,16-04-2024,1
446,49,19,398.6400083,4,2,,2,2,08-02-2024,1
447,40,29,428.3546116,4,2,8,3,4,09-03-2024,1
448,39,25,128.5687939,2,2,9,2,5,28-06-2024,0
449,68,33,480.707218,4,1,4,3,3,12-01-2024,1
450,42,49,106.4935952,1,2,6,2,6,23-03-2024,0
451,39,32,,1,2,7,0,6,23-06-2024,0
452,39,49,497.461454,0,1,2,0,1,05-02-2024,0
453,66,35,358.7441748,2,0,1,1,1,05-05-2024,0
454,69,44,490.7604286,0,1,1,2,1,03-03-2024,0
455,59,38,289.074492,1,1,4,2,1,16-03-2024,0
456,23,26,137.1754738,1,1,0,3,8,22-03-2024,0
457,32,11,224.127984,3,1,1,3,4,20-02-2024,0
458,60,35,300.8448583,4,0,8,2,7,12-02-2024,1
459,54,8,,1,2,6,1,4,03-02-2024,1
460,50,46,,0,1,5,2,4,06-04-2024,0
461,25,14,490.77714,0,0,8,3,0,18-02-2024,0
462,61,10,,4,2,6,2,5,25-05-2024,1
463,61,2,398.371607,4,2,4,3,3,04-05-2024,1
464,22,46,454.870409,3,2,8,2,2,26-02-2024,0
465,56,9,472.4137805,2,1,5,4,5,02-04-2024,0
466,,3,480.4664462,0,1,5,3,1,18-04-2024,0
467,23,21,265.515223,4,2,3,1,7,05-01-2024,1
468,62,26,488.8808749,0,2,0,4,0,24-01-2024,0
469,49,8,381.0820015,4,2,4,2,8,28-02-2024,1
470,69,48,89.21900376,1,2,8,3,7,07-02-2024,0
471,47,2,243.6810522,0,2,7,4,0,09-06-2024,0
472,64,6,361.9822759,1,2,7,1,9,10-01-2024,0
473,52,28,131.1967548,0,0,,3,8,13-06-2024,0
474,57,53,323.9014399,2,2,8,4,1,05-05-2024,0
475,69,29,336.6342347,3,1,,4,2,11-01-2024,0
476,33,26,89.72287447,1,1,2,4,1,24-01-2024,0
477,30,25,286.8918031,4,1,,0,7,28-03-2024,1
478,67,12,388.0971864,2,2,,2,1,23-04-2024,0
479,59,5,254.4588756,0,1,5,3,9,21-01-2024,0
480,47,34,15.93052722,1,0,1,3,1,27-05-2024,0
481,36,48,14.42884985,0,2,7,3,0,10-01-2024,1
482,34,37,184.9443785,0,1,8,4,6,23-06-2024,0
483,36,15,463.8350935,0,0,8,2,1,23-06-2024,0
484,45,44,122.051622,3,0,,1,9,22-05-2024,0
485,43,36,320.8382075,3,1,1,3,4,20-06-2024,0
486,54,15,118.8171766,4,0,6,2,4,13-05-2024,1
487,43,43,167.6182949,1,1,3,2,2,06-03-2024,0
488,40,48,425.5406239,2,0,0,0,2,01-05-2024,0
489,26,23,367.1421067,2,2,7,3,2,11-05-2024,0
490,29,6,56.74564588,2,2,1,4,5,23-01-2024,0
491,18,46,220.0639903,0,2,2,2,3,13-01-2024,0
492,18,50,24.29318419,3,2,4,2,2,07-06-2024,1
493,64,44,245.6361718,1,2,2,1,1,16-01-2024,0
494,51,59,334.5926657,0,1,6,0,2,10-02-2024,0
495,49,43,68.06628556,3,2,6,2,3,01-01-2024,0
496,65,45,151.5536201,3,2,1,2,5,20-04-2024,0
497,42,21,204.9399465,1,2,6,4,3,12-01-2024,0
498,57,23,460.5702021,1,2,5,4,7,28-04-2024,0
499,62,43,496.6949576,1,0,9,1,2,26-06-2024,0
500,18,55,32.00653651,0,2,8,1,2,20-01-2024,0
501,33,16,382.8938825,4,2,8,1,2,05-02-2024,1
502,56,47,192.1447925,1,1,1,4,7,19-03-2024,0
503,22,53,,4,0,6,4,3,14-06-2024,1
504,39,15,379.5898369,0,1,4,0,0,29-05-2024,0
505,46,25,460.0289518,4,2,5,3,1,17-04-2024,1
506,20,36,475.9550113,2,1,0,3,9,26-06-2024,0
507,29,11,292.7900672,4,1,6,0,1,05-04-2024,1
508,43,51,,1,2,5,3,2,28-02-2024,0
509,33,15,395.8990521,0,0,3,4,5,20-01-2024,0
510,68,4,132.9906778,1,0,0,3,7,12-06-2024,0
511,54,21,286.3962741,2,1,8,4,0,05-05-2024,0
512,39,13,185.7034461,1,2,3,0,8,06-04-2024,0
513,46,22,331.7492261,1,1,1,1,0,22-05-2024,0
514,31,19,127.7954673,1,1,7,0,9,02-03-2024,0
515,45,34,103.8805434,3,1,1,3,1,10-05-2024,0
516,22,14,459.9371525,2,2,4,4,2,02-04-2024,0
517,64,4,59.88380465,1,2,,3,6,31-03-2024,0
518,66,48,257.9193748,1,0,,3,8,12-05-2024,0
519,47,53,118.2178637,1,2,0,1,2,02-05-2024,0
520,63,52,29.07568203,0,1,0,3,7,07-06-2024,0
521,69,46,27.64922096,3,1,3,1,8,26-03-2024,1
522,,27,95.85866833,0,0,4,4,9,11-06-2024,0
523,,29,434.7174737,3,2,8,4,6,27-04-2024,0
524,33,47,148.4145845,1,1,,1,3,26-01-2024,0
525,43,28,475.7249936,2,0,6,0,3,27-04-2024,0
526,43,35,294.9949236,4,0,7,4,3,01-01-2024,1
527,65,8,223.940953,4,1,4,0,5,07-01-2024,1
528,38,16,294.243529,1,1,4,4,3,12-06-2024,0
529,56,42,263.1822088,0,2,0,4,4,16-03-2024,0
530,53,36,381.8003643,2,0,8,2,8,27-03-2024,0
531,50,30,148.4230723,3,1,5,3,6,01-06-2024,0
532,47,18,182.9946919,1,0,8,3,7,03-04-2024,0
533,54,2,448.1062082,2,2,2,0,4,01-03-2024,0
534,40,49,473.7636914,2,1,4,3,4,29-01-2024,0
535,27,13,447.3535315,3,2,1,0,6,04-04-2024,0
536,22,4,215.529517,2,0,9,4,7,18-01-2024,0
537,,26,392.3790965,0,2,4,2,8,10-02-2024,0
538,51,25,243.4045093,0,2,7,2,1,26-05-2024,0
539,69,30,253.7945276,0,0,1,4,2,11-05-2024,0
540,48,11,110.2932534,2,2,7,1,1,10-02-2024,0
541,27,7,299.6538486,0,0,3,1,9,02-05-2024,0
542,36,31,101.2065899,3,1,9,3,6,22-05-2024,0
543,49,44,172.4667025,2,0,9,0,1,22-05-2024,0
544,18,10,,4,0,0,2,1,26-06-2024,1
545,22,39,111.4671465,2,1,4,3,1,22-01-2024,0
546,62,13,44.86755973,3,0,0,4,3,25-05-2024,1
547,,31,43.81372038,4,1,6,2,0,20-03-2024,1
548,33,7,,2,1,7,0,1,09-05-2024,0
549,41,56,258.3910146,0,0,2,0,2,05-02-2024,0
550,33,49,210.6119152,1,2,2,1,6,20-01-2024,0
551,19,42,407.3305047,1,2,6,3,9,23-05-2024,0
552,66,42,,0,1,3,4,0,07-03-2024,0
553,45,56,172.7736062,1,2,2,2,5,29-04-2024,0
554,49,36,349.8728482,1,2,7,0,2,06-06-2024,0
555,44,20,387.8501798,0,0,2,2,2,24-02-2024,0
556,37,4,330.7788366,0,1,6,4,3,06-03-2024,0
557,,54,84.28158665,2,1,1,2,3,26-01-2024,0
558,29,7,439.1827109,2,0,0,3,6,09-05-2024,0
559,67,54,274.1563308,0,2,5,1,2,25-02-2024,0
560,52,1,148.4114889,3,1,7,2,7,03-02-2024,0
561,50,44,218.3618109,1,2,0,1,7,25-02-2024,0
562,50,56,28.4098343,2,1,9,4,6,24-02-2024,1
563,68,45,72.6547326,1,1,,1,1,20-01-2024,0
564,60,42,385.1179078,4,1,2,2,4,19-02-2024,1
565,54,47,10.00570103,0,1,2,2,5,01-06-2024,0
566,29,59,214.117256,3,2,3,0,9,24-03-2024,0
567,20,13,266.0299887,4,2,0,2,3,01-06-2024,1
568,18,55,36.7708658,4,2,8,1,9,22-02-2024,1
569,50,22,486.8082999,4,2,2,0,4,21-05-2024,1
570,57,54,120.8014123,0,0,9,2,8,20-04-2024,0
571,27,21,159.0573726,2,1,3,2,6,19-06-2024,0
572,60,22,158.931831,0,1,0,4,1,21-04-2024,0
573,61,28,122.9041644,2,1,3,0,0,09-03-2024,0
574,46,9,10.72217282,4,0,0,4,1,02-01-2024,1
575,30,26,367.3789491,4,2,4,4,2,16-01-2024,1
576,29,9,483.7542949,3,1,4,4,1,03-04-2024,0
577,48,15,119.9038068,2,2,6,3,2,19-06-2024,0
578,63,10,334.893124,4,2,,4,9,14-06-2024,1
579,19,24,373.5292002,1,0,3,1,8,14-02-2024,0
580,68,58,,3,0,6,2,3,05-05-2024,0
581,67,57,217.0883065,0,2,3,3,8,27-06-2024,0
582,52,42,158.4361438,3,1,2,4,2,18-06-2024,0
583,40,8,,1,1,5,2,0,24-01-2024,0
584,34,24,,2,0,3,0,4,24-04-2024,0
585,43,16,410.2219386,0,0,2,0,9,06-06-2024,0
586,25,49,98.9908442,0,0,8,2,9,13-06-2024,0
587,46,26,191.761094,2,0,4,1,1,02-05-2024,0
588,,27,451.9506964,3,0,6,2,3,18-05-2024,0
589,27,37,405.2798247,4,0,5,2,1,18-03-2024,1
590,43,4,492.5806174,3,0,9,3,1,30-05-2024,0
591,51,50,379.5816472,1,1,4,0,2,26-04-2024,0
592,68,24,202.6656485,4,0,6,0,4,20-03-2024,1
593,58,19,299.4125387,3,0,5,4,3,19-02-2024,0
594,24,36,333.8969846,2,1,9,2,1,25-03-2024,0
595,21,39,48.44335,1,1,1,2,9,04-01-2024,0
596,67,10,276.80351,1,2,2,1,1,01-03-2024,0
597,62,25,357.567206,1,0,1,0,5,20-04-2024,0
598,28,18,91.98743896,4,0,2,1,6,18-03-2024,1
599,,19,392.5095415,0,0,0,3,9,23-03-2024,0
600,53,36,296.0486625,4,0,7,4,5,12-05-2024,1
601,42,10,476.588675,3,2,5,1,6,09-04-2024,0
602,38,33,30.78692612,0,1,1,0,0,25-05-2024,1
603,53,55,140.0098074,3,1,7,3,5,20-06-2024,0
604,27,50,304.7614009,0,0,5,2,2,31-01-2024,0
605,54,5,155.314357,4,0,6,3,0,28-04-2024,1
606,26,47,360.0678404,1,0,0,1,7,03-04-2024,0
607,41,49,381.9125884,2,2,6,0,3,28-05-2024,0
608,52,35,60.23282239,1,2,2,1,9,23-06-2024,0
609,66,44,261.7886875,4,1,7,2,7,30-01-2024,1
610,52,34,259.3563722,0,0,5,2,9,24-02-2024,0
611,65,33,190.9475774,1,0,3,0,3,14-04-2024,0
612,53,55,467.1331827,4,0,7,4,3,10-02-2024,1
613,35,21,415.4780967,3,0,8,3,9,21-06-2024,0
614,66,17,351.6325971,2,2,9,3,3,14-03-2024,0
615,56,22,360.0200515,1,1,1,2,5,06-06-2024,0
616,49,48,236.2409105,0,1,5,1,8,17-03-2024,0
617,41,37,461.2873153,3,2,4,1,4,25-03-2024,0
618,40,15,350.3517594,4,0,4,4,9,21-06-2024,1
619,49,35,367.2007202,2,1,9,1,7,13-04-2024,0
620,54,28,432.2285429,0,1,2,3,7,21-06-2024,0
621,29,7,144.2950788,4,2,7,1,3,19-03-2024,1
622,66,32,405.4647429,4,0,7,4,9,24-03-2024,1
623,30,11,105.6678954,1,1,4,3,8,21-06-2024,0
624,40,10,179.2175566,1,0,7,1,8,12-05-2024,0
625,42,9,174.4491226,0,1,9,3,4,03-05-2024,0
626,52,14,489.4774795,4,2,7,2,5,01-02-2024,1
627,58,13,429.7032396,1,0,,2,4,06-01-2024,0
628,47,57,353.5732322,2,2,1,2,2,03-04-2024,0
629,34,25,366.2578132,2,1,8,1,7,26-01-2024,0
630,66,2,285.4156693,4,2,1,4,8,06-02-2024,1
631,37,35,474.0744269,1,2,8,3,3,13-01-2024,0
632,65,7,253.1667889,0,2,3,0,8,02-04-2024,0
633,42,21,196.4536778,0,1,1,2,8,25-01-2024,0
634,39,18,89.8873151,0,0,9,2,6,20-05-2024,0
635,30,3,395.2407696,2,2,0,0,7,20-01-2024,0
636,36,42,369.8775267,1,0,3,0,2,12-03-2024,0
637,66,54,198.3339689,1,1,8,1,4,28-05-2024,0
638,53,39,22.34477284,2,0,8,3,2,24-04-2024,1
639,29,41,421.1086906,0,2,3,2,6,06-05-2024,0
640,58,49,15.59481189,0,2,8,4,5,26-01-2024,0
641,36,11,354.812892,4,2,,1,2,23-02-2024,1
642,29,39,485.4259838,3,2,0,1,8,18-06-2024,0
643,26,24,224.4540508,1,2,9,4,0,18-05-2024,0
644,24,46,125.1369684,1,2,5,4,9,13-06-2024,0
645,45,19,355.3867949,1,1,8,4,2,04-05-2024,0
646,31,4,410.3927896,3,1,1,0,9,11-01-2024,0
647,48,26,277.7508549,4,1,5,2,6,27-01-2024,1
648,69,38,483.8472849,3,0,1,0,2,03-04-2024,0
649,36,42,35.31767361,0,0,3,2,2,23-03-2024,0
650,64,32,257.3498432,0,1,7,0,1,03-02-2024,0
651,33,39,362.0424342,1,0,6,3,8,07-02-2024,0
652,22,45,432.6938309,2,0,8,2,3,27-03-2024,0
653,52,46,97.83524983,1,2,6,1,9,05-03-2024,0
654,29,36,402.0017061,2,2,0,2,5,10-05-2024,0
655,42,40,280.8264671,3,0,1,2,1,04-06-2024,0
656,69,37,204.3113042,0,0,5,2,8,21-05-2024,0
657,38,33,74.540364,2,1,6,3,6,21-02-2024,0
658,53,36,433.9949219,3,0,2,0,9,30-01-2024,0
659,40,3,87.06387201,0,2,8,1,4,22-04-2024,0
660,33,9,161.796051,2,0,6,0,6,22-05-2024,0
661,56,8,152.1223107,1,1,5,0,3,14-06-2024,0
662,62,33,436.9928768,1,2,5,4,9,21-05-2024,0
663,59,59,339.6244672,1,2,0,3,6,08-01-2024,0
664,56,6,400.3738846,3,2,4,4,1,12-03-2024,0
665,31,41,132.7292704,1,2,9,3,6,26-05-2024,0
666,48,39,316.1883088,4,0,2,0,3,01-02-2024,1
667,,4,290.1555317,0,1,6,0,3,04-04-2024,0
668,52,13,418.0868846,3,0,9,3,0,05-06-2024,0
669,40,49,453.9826596,1,0,2,0,2,10-02-2024,0
670,46,2,15.95681802,0,2,4,0,4,15-03-2024,1
671,60,5,340.2697603,2,1,6,1,4,14-02-2024,0
672,28,44,35.39954157,1,2,2,4,1,13-01-2024,1
673,35,27,278.9407459,0,0,9,4,3,03-06-2024,0
674,64,32,150.9400372,4,0,1,4,0,19-01-2024,1
675,29,21,160.3205338,2,2,5,2,8,02-06-2024,0
676,26,8,182.9496667,4,0,7,1,0,22-02-2024,1
677,27,38,314.4333,0,0,3,4,5,27-06-2024,0
678,61,8,173.6844832,4,2,8,4,6,13-06-2024,1
679,34,50,369.0225348,0,0,7,1,2,16-05-2024,0
680,55,3,208.2184189,0,1,6,0,0,28-06-2024,0
681,24,54,43.49306815,4,2,6,4,6,03-01-2024,1
682,63,44,394.0423228,0,1,2,0,2,05-04-2024,0
683,30,58,150.0215791,1,0,5,4,9,15-05-2024,0
684,57,3,222.055771,0,0,4,3,5,14-01-2024,0
685,59,22,345.8675028,3,2,0,2,5,29-04-2024,0
686,26,6,172.903517,0,0,2,4,3,10-05-2024,0
687,67,2,37.72697151,3,2,0,3,5,31-05-2024,0
688,44,23,,0,2,3,1,9,13-01-2024,0
689,19,44,472.7798055,0,2,9,3,3,19-06-2024,0
690,22,2,324.4498547,4,2,2,1,7,05-06-2024,1
691,46,38,339.0247828,1,2,3,4,8,12-03-2024,0
692,54,17,319.8182553,1,1,8,1,1,27-06-2024,0
693,,35,107.5061481,2,2,2,3,6,18-06-2024,0
694,36,34,214.9835934,4,1,5,2,8,07-06-2024,1
695,25,23,377.9605012,4,0,5,0,8,02-06-2024,1
696,65,30,59.6727198,1,2,6,0,4,25-05-2024,0
697,,52,146.1478603,4,0,8,2,0,22-03-2024,1
698,18,8,145.3963631,1,2,6,0,5,26-02-2024,0
699,39,22,221.6892745,4,1,0,4,7,07-01-2024,1
700,69,44,490.3806831,0,1,7,4,0,21-04-2024,0
701,,58,43.07624788,1,1,4,3,1,17-02-2024,0
702,24,36,264.1634872,1,0,8,3,0,20-03-2024,0
703,42,5,97.88869419,3,2,9,1,4,28-04-2024,0
704,62,13,,4,0,4,3,1,29-04-2024,1
705,21,29,65.51871732,4,1,4,4,9,29-02-2024,1
706,53,31,207.7644912,1,0,1,3,9,02-02-2024,0
707,23,47,371.5636426,0,1,2,0,3,24-04-2024,0
708,48,57,355.2316697,0,1,9,1,0,07-05-2024,0
709,36,55,217.1370321,0,1,8,1,6,03-01-2024,0
710,61,16,179.7968423,4,2,6,4,7,04-01-2024,1
711,56,42,204.8300655,3,2,0,3,4,09-04-2024,0
712,44,30,139.4953689,1,1,2,0,1,04-01-2024,0
713,27,57,110.61314,2,0,1,3,7,11-02-2024,0
714,43,55,246.6894518,3,0,0,2,0,09-01-2024,0
715,,16,141.5815405,2,2,8,3,6,20-02-2024,0
716,56,12,150.8562158,3,1,7,4,0,24-05-2024,0
717,20,17,331.8104711,0,0,4,3,5,24-05-2024,0
718,62,16,484.5832925,4,1,1,1,5,06-04-2024,1
719,30,12,305.7822283,2,0,0,0,4,20-01-2024,0
720,67,8,47.71993886,3,2,,4,1,21-05-2024,1
721,45,20,47.03597079,4,1,1,2,1,22-01-2024,1
722,37,3,476.1973782,2,1,,0,8,28-06-2024,0
723,45,16,155.6724873,1,0,1,0,4,27-01-2024,0
724,25,30,55.11282318,3,0,6,1,4,12-02-2024,0
725,58,45,,1,0,6,1,6,10-05-2024,0
726,56,23,315.5879014,0,1,9,1,5,03-04-2024,0
727,18,28,327.7673619,1,2,5,4,1,08-01-2024,0
728,20,51,141.0269937,1,2,4,3,0,26-03-2024,0
729,30,40,17.40423527,3,0,2,0,4,29-03-2024,1
730,45,54,482.857531,0,2,,3,3,17-05-2024,0
731,66,5,132.9375924,1,0,8,3,2,22-04-2024,0
732,42,20,341.2528811,4,2,,1,1,05-06-2024,1
733,50,40,356.2486362,2,1,8,3,9,16-06-2024,0
734,55,56,308.9036344,1,0,3,0,1,21-01-2024,0
735,23,44,163.3246232,0,2,1,0,3,31-05-2024,0
736,61,1,142.8371643,1,1,3,2,1,02-06-2024,0
737,62,57,,2,2,5,4,3,09-01-2024,0
738,,30,434.3868605,0,1,5,3,2,27-05-2024,0
739,62,21,473.8995272,3,1,4,4,8,05-02-2024,0
740,64,20,61.89384416,0,2,0,4,6,05-02-2024,0
741,38,6,85.86602017,3,2,2,4,2,13-03-2024,0
742,33,22,472.9207668,0,1,4,4,7,29-05-2024,0
743,38,18,,2,1,5,0,8,01-01-2024,0
744,28,8,442.6669742,2,1,0,3,6,09-03-2024,0
745,54,39,109.2899907,0,0,8,2,5,06-02-2024,0
746,53,32,297.9170768,1,1,2,4,3,12-03-2024,0
747,52,33,353.5584013,2,0,9,2,4,16-04-2024,0
748,36,53,343.2548239,3,1,,0,7,05-04-2024,0
749,37,16,209.9943285,3,0,1,0,2,20-05-2024,0
750,35,12,17.54349693,4,1,7,1,1,24-03-2024,1
751,,38,295.6337678,3,1,2,4,2,12-02-2024,0
752,58,52,,4,1,,1,6,06-02-2024,1
753,66,34,230.6245806,0,2,1,2,7,25-01-2024,0
754,31,14,479.2146974,0,2,6,3,0,28-05-2024,0
755,32,36,205.5273056,0,1,3,1,6,17-06-2024,0
756,48,33,421.5027873,1,0,,0,8,13-03-2024,0
757,18,23,102.3848968,1,0,9,4,2,18-06-2024,0
758,20,50,339.505644,4,1,8,2,2,11-02-2024,1
759,33,45,488.7334077,3,2,6,0,7,02-01-2024,0
760,40,2,,3,0,7,3,3,15-05-2024,0
761,28,41,14.07677169,0,2,2,4,7,05-04-2024,0
762,29,21,222.4555684,2,0,4,3,4,01-03-2024,0
763,27,2,55.3864867,1,1,,3,2,14-01-2024,0
764,49,27,376.7083313,1,2,9,4,3,22-04-2024,0
765,33,57,458.1288453,0,0,6,4,3,17-03-2024,0
766,25,9,222.6702766,1,1,7,3,7,21-01-2024,0
767,55,1,136.7687047,0,1,8,2,5,31-05-2024,0
768,29,11,,4,1,6,4,6,26-06-2024,1
769,41,3,364.4894307,3,2,9,0,8,21-06-2024,0
770,45,52,14.43653917,2,2,9,1,5,04-03-2024,0
771,25,23,298.8324548,3,1,7,2,2,02-06-2024,0
772,45,26,310.5129256,3,2,8,4,2,08-06-2024,0
773,53,4,322.467241,4,0,5,4,2,26-02-2024,1
774,43,18,128.5908192,1,1,9,2,9,28-04-2024,0
775,25,55,359.8858345,2,1,1,1,1,09-06-2024,0
776,67,6,54.7818283,1,2,1,3,0,21-02-2024,0
777,45,35,107.6424649,3,1,3,0,9,04-04-2024,0
778,45,22,439.9603229,0,0,8,4,0,25-05-2024,0
779,54,43,371.9743439,3,2,,1,3,11-06-2024,0
780,58,15,16.73532147,1,2,,0,2,19-05-2024,1
781,53,22,131.7043676,3,1,7,2,4,27-06-2024,0
782,44,37,115.0591767,0,1,6,4,8,29-03-2024,0
783,34,52,142.6951007,4,1,8,3,7,10-01-2024,1
784,26,42,131.3042874,1,2,7,2,8,21-02-2024,0
785,50,12,40.63788491,3,1,2,4,4,03-02-2024,0
786,37,47,234.8808531,1,0,0,1,7,24-04-2024,0
787,30,49,369.0394026,4,1,1,0,3,15-06-2024,1
788,45,42,307.2985451,3,1,1,0,4,15-05-2024,0
789,65,38,,3,2,,4,2,04-05-2024,0
790,46,18,49.76309748,1,1,5,2,4,05-06-2024,1
791,30,45,476.230448,1,2,3,3,2,29-05-2024,0
792,63,35,420.8609986,0,1,8,1,4,12-02-2024,0
793,52,30,404.4942561,4,0,3,4,4,25-06-2024,1
794,23,24,413.2620645,0,0,5,1,5,29-01-2024,0
795,35,42,467.028149,3,2,5,0,8,15-04-2024,0
796,68,30,276.6844434,1,2,9,3,0,29-04-2024,0
797,,14,108.1381888,3,1,9,1,9,21-03-2024,0
798,64,6,312.2239678,3,1,0,4,5,31-01-2024,0
799,42,3,374.0119319,2,0,7,3,0,10-06-2024,0
800,19,16,371.5795227,2,1,2,2,5,07-05-2024,0
801,27,7,265.5100218,3,0,5,4,1,07-02-2024,0
802,47,52,,1,2,2,1,7,10-04-2024,1
803,67,14,191.8453398,3,1,1,3,2,11-05-2024,0
804,62,9,461.1756381,2,2,4,4,9,09-05-2024,0
805,22,15,296.3799658,1,1,0,3,5,12-01-2024,0
806,50,21,273.7826522,3,0,8,3,5,04-02-2024,0
807,18,35,141.738222,4,2,6,3,3,19-04-2024,1
808,35,2,190.5399708,4,2,2,1,4,12-03-2024,1
809,49,27,448.7195837,3,1,3,4,1,28-05-2024,0
810,64,2,336.5668933,1,2,5,0,9,19-04-2024,0
811,66,35,395.8196431,3,0,2,0,9,01-03-2024,0
812,28,18,232.6292573,3,2,6,1,7,11-06-2024,0
813,38,14,318.8211375,2,2,5,1,9,17-02-2024,0
814,43,20,131.7079683,4,1,8,3,6,22-05-2024,1
815,42,18,355.6758068,2,2,4,4,9,11-03-2024,0
816,39,10,219.5246535,2,1,3,4,5,22-05-2024,0
817,44,25,226.8473023,3,1,2,2,6,13-05-2024,0
818,66,2,328.167939,2,2,9,2,0,08-03-2024,0
819,30,25,468.7775045,4,0,0,0,4,22-01-2024,1
820,50,54,41.36310984,2,1,2,2,6,01-02-2024,0
821,51,33,414.1241863,4,2,,2,0,02-05-2024,1
822,58,36,153.2677241,2,1,6,0,1,22-01-2024,0
823,52,31,227.5205327,4,0,6,0,8,03-06-2024,1
824,18,14,20.7375311,2,0,0,2,2,19-04-2024,1
825,38,1,157.5125781,2,1,2,4,5,15-01-2024,0
826,65,46,256.2893089,1,0,7,2,6,03-05-2024,0
827,23,16,37.5262779,4,2,8,3,8,13-02-2024,1
828,45,54,250.6369074,4,2,6,3,4,24-04-2024,1
829,34,46,464.2842081,4,1,6,3,3,09-01-2024,1
830,22,52,61.64267687,0,0,7,1,1,03-02-2024,0
831,48,3,384.5759568,2,2,5,3,2,13-03-2024,0
832,22,35,210.7388162,4,2,2,4,4,22-05-2024,1
833,55,41,331.0351201,0,2,0,1,1,14-02-2024,0
834,20,6,137.515933,1,1,,1,3,12-03-2024,0
835,40,25,88.15120865,4,1,0,3,0,27-02-2024,1
836,54,13,88.62668099,4,2,0,2,3,24-04-2024,1
837,,53,44.54105337,0,2,8,0,6,19-01-2024,1
838,27,34,100.9668854,2,0,9,2,2,16-01-2024,0
839,27,8,335.4674986,1,0,6,2,9,15-03-2024,0
840,36,21,442.0283998,4,0,3,1,7,15-04-2024,1
841,34,34,408.9215859,2,1,5,1,5,15-05-2024,0
842,38,4,345.7158118,1,2,0,1,5,09-06-2024,0
843,31,25,64.11161307,3,1,6,4,0,14-03-2024,0
844,26,15,151.7018487,3,2,5,4,4,18-01-2024,0
845,63,4,161.8053689,1,0,3,0,2,11-06-2024,0
846,18,45,132.4789037,0,0,,1,9,12-02-2024,0
847,68,12,262.3527733,1,0,2,3,0,19-02-2024,0
848,62,32,,1,0,0,1,7,03-01-2024,0
849,,32,184.8741278,0,2,3,4,6,28-02-2024,0
850,21,28,183.3566878,0,0,2,1,6,28-01-2024,0
851,18,13,415.992243,2,2,0,4,9,15-02-2024,0
852,66,31,396.7534957,2,2,1,1,9,04-03-2024,0
853,57,14,160.8199575,0,1,4,3,9,10-03-2024,0
854,49,20,457.7563375,3,0,7,0,3,16-02-2024,0
855,51,18,476.8793583,3,0,0,3,5,21-05-2024,0
856,45,29,170.1038456,1,1,3,4,8,14-05-2024,0
857,48,6,183.6682249,4,2,3,2,2,07-06-2024,1
858,25,32,257.7607352,1,0,4,3,8,15-04-2024,0
859,56,29,471.1491981,1,2,6,1,3,21-03-2024,0
860,43,43,439.3965222,4,1,7,0,4,20-02-2024,1
861,51,2,60.25830167,0,2,5,1,6,29-01-2024,0
862,20,23,202.4380642,3,0,0,1,5,22-04-2024,0
863,67,19,281.151883,1,2,6,3,9,22-05-2024,0
864,29,31,256.5349116,4,2,2,0,7,07-05-2024,1
865,18,51,104.9929033,2,0,5,2,7,30-03-2024,0
866,,5,430.8202179,1,0,7,1,7,25-01-2024,0
867,,19,341.7009837,3,2,6,0,2,10-02-2024,0
868,47,34,420.5751037,0,2,9,2,9,09-03-2024,0
869,47,10,430.7944969,1,1,,1,5,04-01-2024,0
870,34,25,376.6943683,1,0,8,0,6,14-04-2024,0
871,65,2,225.2131946,4,2,8,3,8,31-01-2024,1
872,64,11,309.16791,2,0,0,1,9,10-05-2024,0
873,40,50,88.579049,2,1,0,1,9,26-04-2024,0
874,32,31,340.0862546,0,2,,0,3,30-03-2024,0
875,54,56,97.83409531,3,2,7,1,4,26-06-2024,0
876,38,15,350.0352993,0,2,,2,7,24-05-2024,0
877,31,9,122.5030988,1,0,6,1,0,06-03-2024,0
878,19,23,67.60013707,1,1,2,4,5,28-03-2024,0
879,28,19,90.98940017,2,0,1,2,3,24-01-2024,0
880,68,9,10.97614626,3,2,3,0,4,08-04-2024,1
881,56,35,362.1824127,4,1,2,2,4,08-06-2024,1
882,,21,368.876514,3,2,6,4,1,14-04-2024,0
883,51,9,262.3173415,1,2,9,4,7,19-01-2024,0
884,55,28,89.06777252,4,0,7,1,1,06-03-2024,1
885,67,46,50.94162538,3,2,5,1,3,29-02-2024,0
886,51,51,19.37319355,3,1,2,3,4,24-04-2024,0
887,35,7,91.21660671,4,2,5,2,0,15-01-2024,1
888,47,16,446.5192121,1,2,1,3,5,25-03-2024,0
889,32,16,128.3530524,3,0,6,4,1,11-06-2024,0
890,44,33,183.5929503,4,1,9,1,4,03-06-2024,1
891,68,4,61.6192874,1,0,6,1,5,28-03-2024,0
892,51,4,118.9570393,4,2,3,1,7,07-01-2024,1
893,69,39,264.4200397,4,0,7,0,8,06-01-2024,1
894,55,40,307.7988147,3,0,3,4,5,04-05-2024,0
895,50,17,130.2226339,1,0,6,1,4,02-02-2024,0
896,41,37,38.28875802,3,0,3,4,3,27-02-2024,1
897,32,39,201.6061059,0,2,4,1,1,25-06-2024,0
898,47,52,124.7596518,0,2,6,2,1,24-05-2024,0
899,59,29,117.5814224,1,1,9,4,6,19-04-2024,0
900,68,52,480.3327733,4,0,2,3,4,11-02-2024,1
901,34,36,311.9872381,3,0,9,0,6,03-04-2024,0
902,22,38,282.8704372,3,1,4,3,0,16-06-2024,0
903,,39,213.7298007,1,0,2,4,0,22-06-2024,0
904,21,50,220.1827234,1,1,4,1,4,08-05-2024,0
905,27,37,275.0434519,0,2,2,4,1,19-03-2024,0
906,34,52,351.2506054,2,1,9,0,7,04-04-2024,0
907,27,35,354.0515871,1,0,6,4,2,20-04-2024,0
908,34,7,94.13001478,2,1,0,1,0,06-04-2024,0
909,37,27,255.0552485,1,2,8,3,1,28-06-2024,0
910,41,28,211.8594666,4,0,8,2,9,11-06-2024,1
911,22,22,436.5582135,4,2,4,3,9,28-04-2024,1
912,51,14,319.3952714,0,2,8,1,6,09-03-2024,0
913,23,7,270.9269925,0,1,9,1,5,12-05-2024,0
914,19,37,66.54337467,2,2,5,0,7,24-05-2024,0
915,30,22,306.7625658,1,0,4,4,6,21-02-2024,0
916,60,5,67.42991378,3,2,2,4,9,21-05-2024,0
917,60,55,175.231222,0,2,7,3,7,01-05-2024,0
918,65,2,79.99256276,3,1,3,2,2,29-01-2024,0
919,28,27,349.116087,3,2,9,2,5,15-05-2024,0
920,68,21,111.0635358,1,1,2,0,6,13-04-2024,0
921,64,54,202.0110929,2,1,5,1,9,01-01-2024,0
922,40,38,448.880641,1,0,7,0,0,29-01-2024,0
923,33,15,110.1150279,0,0,8,4,0,12-06-2024,0
924,48,21,258.8244813,3,0,5,1,6,27-06-2024,0
925,28,10,215.443114,1,0,4,0,2,13-06-2024,0
926,33,23,,1,1,1,3,2,09-03-2024,0
927,25,58,398.4514757,1,2,1,4,4,22-02-2024,0
928,21,56,43.83249409,0,0,,2,5,03-05-2024,1
929,57,39,242.3849603,2,0,1,0,1,28-06-2024,0
930,21,5,284.7323645,1,0,1,4,2,28-03-2024,0
931,42,1,317.9289637,0,2,2,4,5,23-03-2024,0
932,20,13,347.4294984,3,0,2,2,2,12-01-2024,0
933,49,21,,4,2,3,2,4,21-02-2024,1
934,20,26,14.88960056,0,1,6,2,8,08-05-2024,1
935,44,50,364.4873946,4,1,8,0,2,14-05-2024,1
936,46,45,272.4717337,1,1,,2,5,24-05-2024,0
937,49,21,419.6976746,1,2,3,3,4,06-05-2024,0
938,67,53,412.4802978,0,0,8,4,4,19-06-2024,0
939,,18,423.2298222,4,0,1,2,5,11-03-2024,1
940,36,37,247.6963834,1,0,9,4,5,17-01-2024,0
941,38,45,173.477914,3,0,0,1,0,03-01-2024,0
942,22,32,397.8635193,2,0,9,1,8,29-01-2024,0
943,35,36,231.1341154,2,2,7,2,4,22-01-2024,0
944,45,17,99.88667624,1,1,8,4,0,14-06-2024,0
945,59,35,428.9372696,4,0,6,1,7,23-02-2024,1
946,39,49,442.4543396,1,1,7,2,6,16-04-2024,0
947,,11,238.4917805,4,2,3,4,6,26-06-2024,1
948,23,21,47.09286638,3,2,3,2,4,09-03-2024,0
949,18,52,200.0347841,4,0,1,4,0,06-06-2024,1
950,22,55,403.7334531,1,2,7,1,8,30-05-2024,0
951,58,53,451.869274,3,1,1,2,8,29-04-2024,0
952,,26,109.7016438,0,0,8,1,7,16-02-2024,0
953,43,4,42.81706989,2,0,3,2,4,28-05-2024,1
954,63,34,439.901722,1,1,0,0,2,20-01-2024,0
955,51,52,200.8084201,1,0,3,1,7,30-05-2024,0
956,66,48,275.4628725,1,0,2,1,0,28-05-2024,0
957,31,18,484.3522479,3,1,5,3,2,21-01-2024,0
958,43,40,42.61671668,0,0,6,1,6,01-01-2024,1
959,62,35,327.6758237,4,0,7,4,3,22-05-2024,1
960,44,41,,0,1,1,2,6,17-01-2024,0
961,,29,193.9797749,3,2,5,0,4,20-02-2024,0
962,43,52,403.8691271,1,1,5,4,5,14-01-2024,0
963,64,29,222.4013941,2,0,9,4,6,28-02-2024,0
964,39,38,498.6193534,1,1,4,4,9,23-03-2024,0
965,64,42,283.9390496,4,0,9,4,6,19-02-2024,1
966,47,21,167.3694548,2,0,9,0,6,03-05-2024,0
967,60,42,117.8545497,1,1,6,3,6,03-02-2024,0
968,65,13,181.7550618,2,0,,1,6,06-01-2024,0
969,34,49,192.5413041,0,2,3,4,2,18-04-2024,0
970,43,41,43.66970208,3,0,9,1,2,18-02-2024,0
971,53,17,,1,1,8,1,6,06-01-2024,0
972,18,56,237.4768747,4,2,3,4,1,26-04-2024,1
973,25,9,364.1414986,0,2,2,3,1,27-04-2024,0
974,66,41,331.7974475,1,0,1,1,2,07-01-2024,0
975,52,1,357.2951711,0,1,4,2,3,06-04-2024,0
976,69,2,14.09820412,4,0,3,1,5,27-06-2024,1
977,32,48,116.6570258,1,0,7,4,7,27-04-2024,0
978,64,29,,4,1,6,0,9,08-05-2024,1
979,39,33,247.1547904,2,1,5,1,9,20-05-2024,0
980,31,10,12.60360308,4,0,1,3,6,19-06-2024,1
981,,50,404.2023748,2,2,2,2,3,27-01-2024,0
982,45,58,388.6766909,1,0,9,2,1,25-04-2024,0
983,40,40,278.7253899,2,2,8,0,1,10-05-2024,0
984,31,21,42.56702963,1,0,8,0,3,27-02-2024,1
985,41,28,385.5923743,1,1,4,1,5,29-03-2024,0
986,19,11,296.019658,3,2,2,4,2,06-04-2024,0
987,62,55,393.1603888,1,1,1,3,5,17-01-2024,0
988,43,34,378.3560263,2,1,7,2,4,21-06-2024,0
989,31,8,403.4710153,3,1,5,0,4,10-04-2024,0
990,68,59,263.8239525,3,1,9,3,1,29-01-2024,0
991,24,22,78.75901391,1,1,,4,7,11-04-2024,0
992,20,8,338.867162,4,0,0,2,4,02-05-2024,1
993,64,49,,4,2,0,2,1,23-02-2024,1
994,40,15,373.7040617,3,0,9,4,6,27-01-2024,0
995,63,17,93.24169296,1,0,1,2,8,11-04-2024,0
996,60,23,105.537848,4,0,9,4,8,26-04-2024,1
997,64,24,446.3006634,1,1,2,2,0,13-04-2024,0
998,,45,377.4891212,1,0,0,1,6,14-02-2024,0
999,,19,455.0319595,3,2,4,4,8,23-04-2024,0
1000,,5,381.7705074,3,0,2,3,5,27-03-2024,0
1001,52,32,302.6060999,0,1,0,1,0,31-01-2024,0
1002,68,44,330.5250411,4,2,7,3,1,12-06-2024,1
1003,32,1,445.6726827,4,2,5,2,3,06-02-2024,1
1004,42,23,293.6153097,4,2,8,3,3,05-02-2024,1
1005,54,37,319.8717489,2,2,2,1,1,28-04-2024,0
1006,45,8,86.67359084,1,0,8,4,7,05-01-2024,0
1007,,13,242.2213979,3,1,8,0,1,22-06-2024,0
1008,,8,361.0345849,4,2,0,3,2,21-02-2024,1
1009,34,57,142.7619222,0,2,2,0,3,18-02-2024,0
1010,56,23,109.1045485,4,1,5,3,8,06-01-2024,1
1011,39,43,163.775136,1,0,7,3,9,02-05-2024,0
1012,43,1,128.3353077,1,2,3,4,0,17-05-2024,0
1013,61,45,115.3071921,3,0,4,2,7,27-04-2024,0
1014,42,51,218.176913,2,0,8,1,4,23-01-2024,0
1015,,24,454.8408718,3,0,5,1,6,24-05-2024,0
1016,30,35,258.4592269,4,0,6,1,7,19-04-2024,1
1017,37,24,102.0809866,0,2,6,2,4,13-02-2024,0
1018,42,17,47.716118,3,2,3,0,7,10-02-2024,0
1019,21,5,351.1165111,2,0,3,1,9,22-05-2024,0
1020,27,20,197.5713946,3,0,3,0,7,20-06-2024,0
1021,20,21,412.6971638,1,1,,2,8,19-02-2024,0
1022,58,40,333.1602766,4,1,4,2,1,21-02-2024,1
1023,62,58,400.1583108,4,1,,4,2,10-03-2024,1
1024,35,31,143.2535593,4,2,8,1,0,30-05-2024,1
1025,64,46,349.255872,4,1,1,4,3,20-06-2024,1
1026,,36,139.3903725,4,2,,1,4,18-04-2024,1
1027,64,11,470.1435549,4,2,0,2,0,27-04-2024,1
1028,,52,321.823398,0,2,0,2,7,18-04-2024,0
1029,51,15,169.0107821,2,2,3,3,1,04-04-2024,0
1030,64,19,142.0608125,4,1,9,3,0,13-02-2024,1
1031,25,7,103.5540267,2,0,6,2,1,28-06-2024,0
1032,57,51,350.3740699,4,0,1,2,4,07-03-2024,1
1033,66,28,117.1706504,3,0,1,0,8,04-06-2024,0
1034,61,51,301.6986003,4,1,,0,8,07-03-2024,1
1035,,43,139.6711632,1,0,9,4,1,18-01-2024,0
1036,59,58,334.3647829,0,1,1,3,1,03-06-2024,0
1037,58,5,409.320467,3,1,6,3,2,27-06-2024,0
1038,54,5,391.2323691,3,1,8,2,6,29-02-2024,0
1039,23,30,382.8171522,1,0,5,2,2,14-03-2024,0
1040,69,54,101.9839788,4,0,9,4,0,18-02-2024,1
1041,43,32,53.30862402,0,0,1,3,5,15-01-2024,0
1042,51,8,352.484926,3,2,9,0,2,13-03-2024,0
1043,62,10,190.4901348,0,1,9,1,0,22-05-2024,0
1044,23,38,,3,2,8,4,3,27-06-2024,0
1045,54,47,25.26305547,4,1,6,1,0,17-02-2024,1
1046,50,32,137.1924601,3,0,0,0,0,12-03-2024,0
1047,39,48,26.5014379,3,1,8,0,1,22-04-2024,0
1048,38,28,440.8010286,2,1,1,1,9,08-05-2024,0
1049,23,17,129.2643748,4,2,3,4,7,14-05-2024,1
1050,23,31,283.0952131,1,1,8,1,1,22-02-2024,0
1051,65,8,29.09986712,1,0,3,4,1,07-06-2024,1
1052,,40,336.7552217,4,1,2,4,9,18-01-2024,1
1053,47,25,168.2833994,1,1,0,2,9,12-01-2024,0
1054,28,9,449.9804016,4,1,6,3,7,17-02-2024,1
1055,47,2,445.1779126,1,2,5,3,5,30-01-2024,0
1056,,15,169.392403,2,1,9,0,3,06-04-2024,0
1057,41,50,451.4708389,1,1,,2,2,07-01-2024,0
1058,26,3,498.11726,3,2,5,3,0,01-04-2024,0
1059,20,49,414.4536754,4,2,5,4,2,22-04-2024,1
1060,68,36,423.9869604,0,2,3,4,8,03-01-2024,0
1061,48,4,132.0142807,0,2,5,1,4,16-04-2024,0
1062,57,14,292.5841754,4,0,9,1,5,03-03-2024,1
1063,54,41,42.95539784,2,0,7,4,4,13-05-2024,1
1064,53,41,56.50978904,1,1,2,4,0,11-04-2024,0
1065,41,25,,2,0,3,1,9,15-01-2024,0
1066,48,58,170.0532322,0,1,9,3,0,19-06-2024,0
1067,23,55,376.6101169,4,0,0,0,3,31-03-2024,1
1068,19,50,405.265876,4,2,3,1,2,21-03-2024,1
1069,37,10,430.4314028,2,2,9,3,7,25-05-2024,0
1070,45,21,498.8378657,2,0,9,3,6,29-05-2024,0
1071,28,36,128.3332778,1,0,8,3,6,01-03-2024,0
1072,21,12,29.77190516,3,1,7,2,7,29-04-2024,1
1073,32,27,211.4838438,3,1,3,2,9,01-03-2024,0
1074,23,40,73.73952822,1,1,,3,6,22-02-2024,0
1075,66,2,20.98868569,3,2,9,4,9,26-01-2024,0
1076,47,54,186.6091453,0,2,2,2,1,24-04-2024,0
1077,55,13,394.031743,3,2,8,1,3,09-02-2024,0
1078,68,53,287.4285387,1,2,9,2,5,28-03-2024,0
1079,19,32,163.2612147,3,1,3,4,2,25-04-2024,0
1080,32,31,330.6275827,4,2,1,0,2,15-05-2024,1
1081,28,16,123.6889084,2,2,9,2,5,21-01-2024,0
1082,25,32,17.04690858,0,2,4,3,0,12-02-2024,0
1083,43,32,384.5331594,4,2,1,3,0,21-01-2024,1
1084,68,34,315.6341116,4,0,9,3,4,10-05-2024,1
1085,62,11,383.528286,1,1,5,0,0,31-01-2024,0
1086,61,10,29.07962818,2,1,9,4,9,03-06-2024,0
1087,22,15,420.1886176,2,2,0,1,7,27-01-2024,0
1088,,17,313.567838,0,0,5,4,1,13-03-2024,0
1089,43,40,286.0637218,1,1,3,0,5,06-04-2024,0
1090,21,18,316.0608836,0,1,2,3,9,09-06-2024,0
1091,36,55,433.572291,3,2,1,4,9,30-03-2024,0
1092,37,9,297.5988882,4,2,6,1,4,13-02-2024,1
1093,50,25,294.6656861,0,1,8,3,9,12-02-2024,0
1094,37,40,495.432787,4,1,2,1,3,31-01-2024,1
1095,66,59,380.7977819,1,0,5,2,0,26-04-2024,0
1096,29,14,226.7239647,3,1,8,1,2,16-03-2024,0
1097,64,58,356.62453,1,1,1,3,3,24-05-2024,0
1098,18,25,200.7229311,3,2,6,2,1,22-05-2024,0
1099,43,50,122.1489766,3,1,4,3,1,03-02-2024,0
1100,31,22,302.4574197,4,2,4,3,1,20-03-2024,1
1101,55,52,464.8092281,1,1,6,2,0,04-01-2024,0
1102,54,30,465.2783648,1,1,8,1,9,12-03-2024,0
1103,28,20,177.5335863,0,1,3,0,1,07-04-2024,0
1104,53,21,268.5619584,1,0,8,0,5,19-04-2024,0
1105,30,44,113.7015903,0,2,9,0,2,28-01-2024,0
1106,60,32,,2,0,,0,9,09-05-2024,0
1107,20,51,,2,1,3,4,4,17-01-2024,0
1108,,46,328.2593756,2,0,2,0,0,27-02-2024,0
1109,23,49,404.1628892,1,2,1,2,7,06-05-2024,0
1110,67,56,360.399079,1,1,8,0,3,09-01-2024,0
1111,27,21,300.6475273,0,0,1,3,8,31-01-2024,0
1112,22,35,36.14051852,3,0,5,0,3,28-03-2024,1
1113,40,58,232.8345279,0,2,4,1,1,02-03-2024,0
1114,27,32,340.6452881,2,0,4,2,2,19-01-2024,0
1115,61,30,341.9904908,0,2,3,2,4,21-03-2024,0
1116,19,55,192.830083,3,1,5,4,9,16-04-2024,0
1117,30,39,471.4290735,1,1,4,3,5,24-02-2024,0
1118,57,49,92.0049458,0,0,3,2,6,04-06-2024,0
1119,19,12,255.1761286,2,1,8,1,3,21-04-2024,0
1120,37,41,348.5331485,2,1,5,0,6,02-05-2024,0
1121,18,47,351.5965449,1,0,9,2,9,26-06-2024,0
1122,54,18,327.8330888,0,1,9,1,2,05-03-2024,0
1123,26,21,144.8912246,3,0,9,0,6,03-05-2024,0
1124,34,13,86.54121866,1,2,2,4,3,03-01-2024,0
1125,26,21,321.6107601,0,2,9,2,7,28-06-2024,0
1126,28,8,303.6580369,4,2,5,2,8,17-05-2024,1
1127,32,46,97.88444504,2,0,0,1,6,21-01-2024,0
1128,41,40,355.5181813,3,0,4,3,7,06-02-2024,0
1129,55,46,233.0342759,3,1,9,4,7,15-01-2024,0
1130,52,7,337.2026899,3,1,5,3,1,27-03-2024,0
1131,47,23,420.3098691,2,1,7,2,8,29-04-2024,0
1132,48,44,93.16693,0,1,8,3,5,16-05-2024,0
1133,66,32,19.38098532,1,1,2,0,3,13-02-2024,1
1134,22,11,391.7602673,0,0,1,4,4,08-02-2024,0
1135,61,22,308.7517383,1,0,3,3,9,12-05-2024,0
1136,67,22,352.8233891,3,2,7,0,4,25-01-2024,0
1137,,43,420.6959377,0,2,7,1,6,25-02-2024,0
1138,,25,403.3773581,3,2,2,3,8,30-04-2024,0
1139,26,22,480.850872,4,2,3,4,6,30-03-2024,1
1140,51,28,272.6081886,3,0,2,0,8,04-03-2024,0
1141,29,29,249.36286,3,0,9,3,3,28-06-2024,0
1142,52,13,206.9247279,1,0,1,1,9,29-03-2024,0
1143,52,18,85.30861099,4,1,3,3,9,21-04-2024,1
1144,18,2,290.5775441,3,1,5,0,3,16-03-2024,0
1145,57,29,145.7361369,3,2,4,3,5,16-05-2024,0
1146,39,21,461.440681,4,1,,4,7,17-05-2024,1
1147,46,15,295.7634941,4,0,1,2,8,10-01-2024,1
1148,25,52,300.4916884,0,2,8,0,0,02-03-2024,0
1149,28,27,183.9130838,1,2,0,0,0,30-03-2024,0
1150,58,50,35.47478247,4,1,8,0,7,29-02-2024,1
1151,54,31,25.55444503,4,2,0,0,6,26-05-2024,1
1152,31,15,217.4342206,2,1,6,3,8,16-04-2024,0
1153,47,51,51.43703527,4,1,5,4,2,07-02-2024,1
1154,52,23,307.3550082,1,2,6,1,9,13-05-2024,0
1155,38,24,441.6767728,3,1,2,4,4,22-05-2024,0
1156,54,44,442.6282601,3,1,2,0,2,16-02-2024,0
1157,22,13,332.932251,3,1,0,3,4,21-06-2024,0
1158,36,22,113.5035974,3,1,3,3,9,12-05-2024,0
1159,31,43,432.8684474,2,2,1,0,0,18-03-2024,0
1160,43,37,444.1857833,4,0,9,3,3,22-02-2024,1
1161,21,33,106.3602566,3,0,7,0,5,02-03-2024,0
1162,42,56,371.338782,0,1,2,4,1,23-01-2024,0
1163,62,3,150.394579,3,1,6,2,6,13-02-2024,0
1164,59,54,,4,1,6,3,7,21-02-2024,1
1165,42,19,498.646571,3,0,,0,0,15-02-2024,0
1166,35,23,24.71274261,2,1,5,0,3,26-05-2024,0
1167,57,29,,1,2,0,3,3,24-03-2024,0
1168,,30,315.0889615,1,2,7,1,4,16-02-2024,0
1169,56,39,486.9574834,4,2,0,0,3,31-03-2024,1
1170,57,44,237.8546636,1,0,2,3,8,21-02-2024,0
1171,31,47,425.220086,1,1,4,0,6,24-01-2024,0
1172,49,25,40.57309361,0,1,7,1,1,24-05-2024,0
1173,68,37,174.2867345,4,1,8,2,0,29-03-2024,1
1174,55,47,42.8381035,4,0,6,1,8,22-06-2024,1
1175,50,8,487.9181354,1,0,8,4,0,04-03-2024,0
1176,40,42,410.3172146,1,0,2,3,5,28-04-2024,0
1177,32,58,427.7482364,1,0,4,1,1,04-06-2024,0
1178,50,16,469.6029634,2,2,9,2,3,26-06-2024,0
1179,42,8,51.7007082,3,0,7,0,5,04-03-2024,0
1180,34,1,198.9428203,2,0,0,3,4,04-06-2024,0
1181,50,44,44.80709563,4,0,,1,5,26-03-2024,1
1182,,5,113.2886198,0,1,6,2,2,25-02-2024,0
1183,19,3,122.3892307,3,1,0,1,4,28-02-2024,0
1184,31,1,239.8625334,0,1,9,4,1,12-05-2024,0
1185,57,4,141.5954621,4,2,9,3,6,20-06-2024,1
1186,57,40,59.47927234,4,2,5,0,2,18-06-2024,1
1187,68,35,,0,0,0,2,0,04-05-2024,0
1188,,32,82.16502614,0,1,1,1,7,16-02-2024,0
1189,68,42,486.807631,0,2,4,3,7,30-04-2024,0
1190,23,34,382.0533284,4,1,1,1,2,01-06-2024,1
1191,23,43,484.203118,1,2,9,3,6,11-04-2024,0
1192,20,25,225.4728384,0,2,0,4,8,13-02-2024,0
1193,24,10,146.400556,3,0,5,1,7,15-01-2024,0
1194,68,21,401.1636666,4,0,7,4,2,14-04-2024,1
1195,25,46,169.8644198,2,2,7,2,1,20-02-2024,0
1196,59,39,156.6978531,2,0,7,4,9,22-02-2024,0
1197,69,27,123.9279362,3,2,5,3,6,03-02-2024,0
1198,32,27,73.54269933,1,2,2,2,6,03-05-2024,0
1199,64,2,135.6668999,0,1,0,1,8,17-03-2024,0
1200,46,41,184.1066768,4,0,1,1,4,15-05-2024,1
1201,50,48,340.257162,0,0,4,3,3,02-05-2024,0
1202,69,13,40.65677269,4,0,9,0,7,10-03-2024,1
1203,47,9,113.1484004,2,1,4,0,3,21-01-2024,0
1204,56,52,406.4215837,0,1,9,1,3,17-04-2024,0
1205,44,36,81.99174256,3,1,0,3,1,17-04-2024,0
1206,53,22,177.8961218,1,0,0,0,0,14-05-2024,0
1207,46,42,433.6828717,3,0,8,4,3,30-03-2024,0
1208,55,26,85.91340246,1,0,1,1,6,19-03-2024,0
1209,50,58,50.54104945,0,1,6,4,8,25-06-2024,0
1210,54,54,247.4236176,0,1,9,3,8,11-02-2024,0
1211,44,12,158.1855605,1,2,3,4,9,30-05-2024,0
1212,50,17,286.0700986,2,1,6,0,0,21-02-2024,0
1213,21,14,403.8643963,4,2,,0,4,11-04-2024,1
1214,39,14,,3,0,4,2,6,14-04-2024,0
1215,19,57,294.5425514,3,1,0,1,6,19-03-2024,0
1216,27,34,257.6992926,3,0,3,3,9,21-04-2024,0
1217,22,53,80.59860515,0,0,9,1,5,13-04-2024,0
1218,27,57,315.7592579,3,0,2,4,9,16-01-2024,0
1219,,20,144.0838048,4,0,9,3,3,05-04-2024,1
1220,55,11,249.0388161,4,1,4,3,2,06-02-2024,1
1221,30,16,50.3134389,1,0,9,0,8,25-05-2024,0
1222,48,51,235.196188,0,2,9,4,9,27-05-2024,0
1223,64,31,160.1670993,4,1,5,0,3,15-02-2024,1
1224,53,55,412.9667935,2,0,1,0,7,02-01-2024,0
1225,62,6,37.91957623,0,1,6,2,0,28-04-2024,1
1226,41,56,215.1175647,0,2,2,0,6,27-03-2024,0
1227,69,19,234.6313978,4,0,0,1,5,03-04-2024,1
1228,32,37,365.2529774,2,2,9,3,0,03-01-2024,0
1229,46,58,291.4009118,1,0,2,0,3,22-06-2024,0
1230,25,4,336.9340452,4,2,8,1,4,20-04-2024,1
1231,22,47,390.75415,2,0,9,4,7,25-06-2024,0
1232,46,4,432.4794571,0,1,5,3,3,01-01-2024,0
1233,64,20,163.7989934,2,0,5,4,2,14-04-2024,0
1234,21,10,273.6311256,0,1,3,1,1,22-01-2024,0
1235,29,24,421.6529584,4,0,7,4,3,21-05-2024,1
1236,62,54,494.8310542,4,0,4,4,9,21-06-2024,1
1237,19,35,445.8644624,3,2,6,4,3,13-05-2024,0
1238,44,26,192.0189587,3,2,8,0,9,05-03-2024,0
1239,48,37,105.6315934,3,2,4,0,4,21-01-2024,0
1240,68,38,249.8023433,4,0,4,0,6,04-01-2024,1
1241,68,21,373.4043114,1,0,3,3,8,10-05-2024,0
1242,,54,251.3588447,4,0,5,1,1,22-04-2024,1
1243,53,40,246.758623,2,1,1,0,4,30-01-2024,0
1244,43,39,420.7329063,4,1,2,4,9,31-01-2024,1
1245,60,21,187.0878517,4,0,0,4,8,10-06-2024,1
1246,44,10,431.2993907,0,2,1,4,2,20-01-2024,0
1247,,38,209.3343525,0,2,1,4,0,23-02-2024,0
1248,37,46,170.8342218,0,2,7,2,1,05-05-2024,0
1249,28,4,232.4550565,4,0,7,3,5,01-06-2024,1
1250,27,57,383.5990098,1,2,1,1,4,15-01-2024,0
1251,57,45,71.74099365,2,0,5,1,0,14-06-2024,0
1252,55,20,106.2454158,2,1,4,0,0,30-05-2024,0
1253,23,17,,1,2,2,2,3,28-06-2024,0
1254,25,55,95.99089742,1,1,4,1,3,26-02-2024,0
1255,40,7,288.1863858,2,2,4,3,5,19-03-2024,0
1256,64,4,293.8640887,3,0,4,4,5,28-06-2024,0
1257,43,29,249.9159864,0,0,2,0,9,11-06-2024,0
1258,63,14,325.9251718,0,0,2,3,5,14-01-2024,0
1259,60,3,122.6150956,2,0,3,1,0,31-03-2024,0
1260,29,24,280.8045112,1,2,6,2,9,14-01-2024,0
1261,43,37,192.3648951,3,1,1,0,8,08-04-2024,0
1262,30,16,334.2169572,2,0,9,1,6,02-02-2024,0
1263,57,58,79.19953625,0,2,3,0,6,28-06-2024,0
1264,35,55,289.7299343,4,1,3,1,6,01-01-2024,1
1265,42,52,,1,0,0,4,1,03-02-2024,0
1266,50,4,146.5351009,4,1,9,2,1,19-01-2024,1
1267,64,56,117.1678022,2,0,7,4,5,31-05-2024,0
1268,57,24,99.59051214,0,1,0,1,6,04-01-2024,0
1269,60,34,414.5983663,3,1,7,3,2,12-06-2024,0
1270,29,30,149.9967082,4,0,6,4,3,17-03-2024,1
1271,61,18,,3,2,8,3,2,27-02-2024,0
1272,,19,485.2639974,0,1,7,1,6,08-06-2024,0
1273,65,31,289.9176303,4,0,4,2,6,16-05-2024,1
1274,21,19,,3,1,7,3,3,12-04-2024,0
1275,22,49,193.5286393,3,1,9,1,6,07-03-2024,0
1276,54,46,400.888809,4,2,2,3,4,25-04-2024,1
1277,25,19,190.0214571,0,1,9,4,0,27-05-2024,0
1278,59,22,52.63843697,3,1,6,1,9,29-04-2024,0
1279,66,24,,2,0,3,4,3,22-01-2024,0
1280,45,45,424.1092172,4,0,4,0,6,21-04-2024,1
1281,48,12,400.0039297,1,2,8,1,1,15-03-2024,0
1282,26,30,,1,1,,3,1,24-06-2024,0
1283,68,58,339.6546611,0,1,3,0,0,15-05-2024,0
1284,46,38,118.0470891,2,1,5,4,1,22-05-2024,0
1285,31,53,116.9216919,3,2,9,4,9,01-02-2024,0
1286,57,31,438.2951689,1,1,6,3,7,07-03-2024,0
1287,,36,132.3377868,0,0,9,0,7,04-01-2024,0
1288,39,19,138.9911998,2,2,,2,7,30-01-2024,0
1289,28,48,10.32016147,2,0,3,3,0,13-01-2024,1
1290,40,45,436.6278267,0,0,9,4,0,21-01-2024,0
1291,18,36,398.3714585,0,2,2,1,9,10-02-2024,0
1292,63,30,317.3911782,3,0,7,0,3,30-04-2024,0
1293,54,55,377.6302243,0,1,0,2,5,19-01-2024,0
1294,38,49,84.50379804,3,2,8,1,7,17-02-2024,0
1295,43,55,234.5785613,3,0,0,0,1,26-03-2024,0
1296,63,33,182.0974998,4,1,1,3,2,03-03-2024,1
1297,53,18,55.95049787,2,1,7,3,5,27-05-2024,0
1298,40,52,248.2039378,2,0,,0,9,06-02-2024,0
1299,18,49,461.1624287,2,1,6,2,3,31-01-2024,0
1300,68,59,29.62896833,4,2,2,0,1,14-03-2024,1
1301,57,28,152.8158476,3,0,6,1,6,25-05-2024,0
1302,32,59,111.6950587,3,1,,1,3,16-04-2024,0
1303,38,47,126.6918603,0,1,1,3,7,12-04-2024,0
1304,64,11,455.1329304,4,0,2,0,7,19-04-2024,1
1305,26,57,239.3538366,0,0,9,3,6,20-01-2024,0
1306,26,54,238.4867123,4,0,9,2,9,18-05-2024,1
1307,27,45,382.6820648,0,0,4,1,8,26-03-2024,0
1308,69,33,85.70117996,1,2,9,4,3,13-02-2024,0
1309,43,17,248.7600235,2,0,3,4,6,22-03-2024,0
1310,58,6,220.6927549,2,2,1,0,9,04-03-2024,0
1311,52,4,302.4862384,3,2,3,0,9,01-05-2024,0
1312,69,20,499.7832746,1,0,7,4,0,10-06-2024,0
1313,42,48,387.0299581,2,2,4,0,3,27-03-2024,0
1314,43,47,204.9541945,3,0,4,1,1,05-03-2024,0
1315,28,27,415.5009956,1,0,9,2,8,24-02-2024,0
1316,55,15,93.64709802,2,1,2,2,4,14-03-2024,0
1317,19,6,24.92720629,0,0,7,3,2,26-04-2024,0
1318,24,47,,4,1,5,1,3,08-05-2024,1
1319,35,14,176.8016625,1,2,1,0,5,14-06-2024,0
1320,44,11,260.1845712,3,1,1,0,9,16-05-2024,0
1321,51,39,311.4132789,1,2,8,3,0,04-04-2024,0
1322,44,9,456.1968014,3,0,6,3,6,24-05-2024,0
1323,34,26,259.8284647,1,2,9,0,7,08-04-2024,0
1324,60,16,255.6250659,3,2,8,0,6,21-04-2024,0
1325,61,5,34.61907481,2,0,5,1,6,21-02-2024,1
1326,68,57,27.1066608,0,2,4,3,8,25-05-2024,0
1327,41,52,280.0683813,2,0,0,1,3,02-02-2024,0
1328,42,10,224.7075205,0,1,5,0,6,04-01-2024,0
1329,24,50,421.1983935,2,0,5,4,8,27-03-2024,0
1330,69,3,88.73299651,2,0,2,4,4,15-03-2024,0
1331,,13,22.23611444,1,2,2,0,1,28-06-2024,1
1332,41,43,230.0289963,4,1,2,3,4,09-01-2024,1
1333,50,49,126.3644928,3,0,2,4,3,04-03-2024,0
1334,66,30,34.31104294,3,1,6,3,7,30-01-2024,1
1335,46,54,365.0531606,3,1,9,4,4,15-05-2024,0
1336,60,45,64.68056998,0,2,1,3,8,12-05-2024,0
1337,39,6,308.076555,3,0,9,4,8,16-03-2024,0
1338,43,17,147.7143776,3,2,9,3,2,08-05-2024,0
1339,45,59,95.01306467,1,0,1,1,9,15-01-2024,0
1340,67,45,196.0782462,2,1,2,3,5,29-03-2024,0
1341,38,51,402.7084303,3,0,9,1,5,14-06-2024,0
1342,66,53,202.1258527,4,0,6,1,3,18-06-2024,1
1343,24,19,377.8771281,3,1,2,0,9,07-05-2024,0
1344,34,42,71.48828543,0,1,6,1,2,22-06-2024,0
1345,37,35,388.6579956,0,0,8,2,0,26-01-2024,0
1346,58,46,126.0973292,0,2,9,1,6,01-03-2024,0
1347,66,26,341.9226336,3,0,3,3,4,02-05-2024,0
1348,37,51,287.2329619,1,1,6,1,9,07-03-2024,0
1349,39,5,465.2809114,4,2,8,3,6,29-05-2024,1
1350,45,29,199.7880338,3,1,7,3,0,26-01-2024,0
1351,57,37,42.42094253,1,1,7,2,7,23-03-2024,1
1352,66,20,19.38618792,1,2,8,1,2,17-04-2024,0
1353,24,49,415.1606949,3,1,,1,6,20-04-2024,0
1354,18,21,267.1204625,3,1,4,4,2,29-02-2024,0
1355,49,10,389.8695854,1,1,2,4,2,08-02-2024,0
1356,30,5,124.868544,1,1,4,0,9,02-05-2024,0
1357,47,36,179.0910353,1,1,7,3,8,05-02-2024,0
1358,40,6,24.75089738,3,1,4,2,1,21-01-2024,0
1359,68,26,481.131239,1,1,,4,3,17-06-2024,0
1360,36,4,,0,1,7,1,5,27-04-2024,0
1361,49,39,,3,1,6,0,2,17-02-2024,0
1362,47,39,140.0932396,0,0,5,2,9,26-01-2024,0
1363,46,50,309.6171695,2,0,4,1,9,05-02-2024,0
1364,66,35,342.4649845,3,1,4,1,6,31-05-2024,0
1365,62,1,165.5993531,2,0,9,3,6,07-05-2024,0
1366,46,24,425.5735252,1,2,1,3,4,28-05-2024,0
1367,47,57,474.1091168,1,0,3,4,2,25-05-2024,0
1368,33,36,443.5790077,4,1,7,4,1,15-01-2024,1
1369,57,6,372.1428182,1,1,7,1,3,19-03-2024,0
1370,36,41,145.9576931,2,0,0,1,3,13-05-2024,0
1371,35,54,147.9918606,1,1,1,4,7,19-06-2024,0
1372,18,46,482.046557,3,2,4,4,7,07-06-2024,0
1373,31,44,15.03940301,1,2,8,1,4,28-01-2024,1
1374,68,57,360.8644869,4,1,9,2,5,15-05-2024,1
1375,64,31,356.0606197,1,2,6,1,7,05-06-2024,0
1376,67,20,315.1178751,2,2,9,2,0,28-05-2024,0
1377,19,24,495.1533346,2,0,4,2,4,29-04-2024,0
1378,45,25,162.8209235,1,2,0,1,3,28-03-2024,0
1379,66,36,176.5862133,2,0,5,0,3,26-06-2024,0
1380,67,21,,2,1,7,4,1,31-01-2024,0
1381,47,30,226.9710869,4,0,6,3,9,16-02-2024,1
1382,55,24,137.9137779,3,1,1,1,0,03-02-2024,0
1383,68,44,,4,1,4,2,5,02-01-2024,1
1384,21,42,418.9401772,0,1,3,1,6,15-04-2024,0
1385,,30,468.3874116,4,1,8,4,4,03-04-2024,1
1386,25,22,101.0092053,1,1,9,2,7,12-03-2024,0
1387,46,28,192.5293765,3,0,0,3,8,21-02-2024,0
1388,56,7,465.0289754,1,1,5,3,1,14-05-2024,0
1389,20,35,40.28614574,0,2,2,3,3,26-05-2024,1
1390,49,55,55.25665877,3,2,8,0,8,30-03-2024,0
1391,27,28,89.76758471,2,1,4,2,4,01-04-2024,0
1392,27,14,301.6542887,4,2,5,2,2,22-05-2024,1
1393,36,56,83.73141279,1,0,8,0,5,18-03-2024,0
1394,,10,484.3574269,0,0,8,2,2,24-06-2024,0
1395,51,16,228.8901184,2,1,7,0,4,04-05-2024,0
1396,,16,255.7438006,4,1,8,1,2,21-05-2024,1
1397,40,54,130.8627217,2,1,3,4,5,10-05-2024,0
1398,45,31,240.7705237,4,2,5,3,9,19-02-2024,1
1399,49,42,334.33768,3,2,4,0,4,02-04-2024,0
1400,67,25,378.0767971,2,0,4,0,8,03-05-2024,0
1401,24,13,379.3953605,2,2,3,0,2,23-02-2024,0
1402,46,6,293.1666452,2,0,1,1,5,13-05-2024,0
1403,25,44,453.1362897,3,2,5,0,7,25-06-2024,0
1404,18,9,410.5298452,0,0,8,4,6,30-05-2024,0
1405,20,45,380.9535762,4,1,0,4,5,18-03-2024,1
1406,41,36,37.24670562,2,2,6,3,1,18-03-2024,1
1407,40,56,13.37020149,3,0,5,1,6,20-01-2024,1
1408,25,43,114.0991658,0,2,2,4,7,31-03-2024,0
1409,64,20,335.126561,4,1,0,2,0,08-04-2024,1
1410,54,18,211.4867696,3,0,3,2,8,21-06-2024,0
1411,20,58,207.1790671,4,2,8,2,3,25-02-2024,1
1412,68,43,,2,2,1,0,7,02-01-2024,0
1413,50,57,,0,1,2,0,9,14-04-2024,0
1414,45,21,455.4958794,3,1,,2,6,21-06-2024,0
1415,64,4,163.8002575,0,0,1,3,9,16-06-2024,0
1416,25,50,348.6173482,2,2,9,3,6,21-04-2024,0
1417,51,33,143.1002588,0,2,7,0,1,24-01-2024,0
1418,52,27,103.3988182,0,1,2,2,0,05-06-2024,0
1419,49,7,100.4699041,1,1,6,3,3,18-04-2024,0
1420,41,6,177.6327342,0,0,7,0,1,08-03-2024,0
1421,31,15,220.6792337,4,2,2,2,7,23-04-2024,1
1422,49,18,417.1650938,3,2,1,1,9,24-03-2024,0
1423,63,32,68.7466358,1,0,7,2,6,18-02-2024,0
1424,60,56,370.1136652,3,0,2,2,7,01-02-2024,0
1425,33,11,270.412908,3,1,6,4,5,01-03-2024,0
1426,21,20,151.0932179,2,1,0,4,0,18-06-2024,0
1427,69,24,251.4815964,2,0,5,1,8,08-05-2024,0
1428,54,15,156.9716142,1,0,,1,5,11-04-2024,0
1429,38,48,302.0801581,2,2,2,2,9,04-02-2024,0
1430,31,7,222.5835222,2,0,6,3,0,20-02-2024,0
1431,48,21,90.55870925,2,0,5,1,0,14-02-2024,0
1432,,42,67.12570653,3,2,7,2,7,17-03-2024,0
1433,35,26,,1,0,2,0,5,22-04-2024,0
1434,24,44,452.1823863,3,1,2,4,7,05-03-2024,0
1435,27,56,178.5392664,4,1,3,3,7,14-01-2024,1
1436,24,14,369.1700525,3,2,,2,7,02-04-2024,0
1437,50,57,332.7440639,4,0,8,0,9,10-05-2024,1
1438,40,37,466.461908,0,1,3,4,6,24-01-2024,0
1439,38,58,412.2806985,0,1,5,0,6,05-03-2024,0
1440,36,21,287.6365769,4,1,7,2,9,24-06-2024,1
1441,65,18,331.9449441,4,1,7,1,3,17-05-2024,1
1442,36,5,450.2093686,3,0,4,4,8,13-01-2024,0
1443,53,3,205.7642044,4,0,4,0,1,21-05-2024,1
1444,46,23,170.1294059,1,0,5,1,8,09-04-2024,0
1445,35,26,15.29743098,0,0,9,3,9,17-05-2024,1
1446,19,37,415.0100264,0,1,6,2,2,16-06-2024,0
1447,18,24,402.4805432,4,2,9,2,1,30-05-2024,1
1448,64,49,,2,2,6,4,3,08-04-2024,0
1449,22,19,292.6601168,2,1,3,0,4,24-02-2024,0
1450,37,51,237.3510321,4,1,5,3,1,03-03-2024,1
1451,28,25,68.1674568,1,2,6,4,0,11-03-2024,0
1452,59,21,490.4784313,2,2,4,4,9,18-06-2024,0
1453,19,12,115.2009849,4,1,4,0,4,08-04-2024,1
1454,20,57,42.94474824,1,1,1,3,8,06-03-2024,1
1455,40,41,301.475216,1,0,6,0,4,19-03-2024,0
1456,29,33,372.0446718,3,0,5,2,9,13-03-2024,0
1457,37,50,25.89728856,1,2,0,1,8,16-02-2024,1
1458,22,53,332.771643,2,1,3,2,9,21-03-2024,0
1459,54,4,270.8230192,2,2,2,2,5,05-05-2024,0
1460,55,42,60.59985435,4,0,2,4,2,21-02-2024,1
1461,47,57,94.5366997,4,0,6,2,3,25-05-2024,1
1462,26,7,288.3074057,1,2,9,3,3,25-05-2024,0
1463,51,22,155.2152306,0,0,3,2,0,31-05-2024,0
1464,61,55,469.774707,3,1,7,3,2,23-01-2024,0
1465,52,33,411.1827124,0,2,8,0,2,19-05-2024,0
1466,69,17,491.9479312,1,1,2,4,0,30-05-2024,0
1467,39,24,137.2387111,1,1,4,3,8,21-01-2024,0
1468,61,34,485.1645801,0,0,3,2,0,04-03-2024,0
1469,41,28,221.3045962,3,1,9,4,8,12-03-2024,0
1470,34,58,180.2842097,0,2,5,4,0,10-06-2024,0
1471,27,43,34.67126821,4,1,,3,1,09-05-2024,1
1472,47,41,35.85497635,2,1,,3,1,09-03-2024,0
1473,63,39,349.0855154,4,1,7,1,5,07-06-2024,1
1474,40,22,234.3852073,2,1,2,1,6,08-03-2024,0
1475,49,49,120.9955968,1,1,4,4,0,26-05-2024,0
1476,34,17,310.8454501,3,0,0,1,2,07-05-2024,0
1477,67,34,133.9004779,0,2,5,2,1,16-04-2024,0
1478,68,6,293.0395596,3,0,4,0,7,18-04-2024,0
1479,34,46,186.012286,0,2,7,4,8,12-03-2024,0
1480,31,6,413.540591,4,2,8,0,1,12-04-2024,1
1481,26,34,412.1411188,4,2,7,1,1,20-05-2024,1
1482,57,1,243.9016951,0,2,7,3,9,05-03-2024,0
1483,19,10,181.9013636,3,2,2,4,8,13-05-2024,0
1484,62,21,187.6543003,0,1,3,1,3,21-04-2024,0
1485,,5,404.8001176,1,0,3,2,4,03-06-2024,0
1486,56,2,170.8079466,4,0,4,4,8,19-03-2024,1
1487,26,22,112.4390931,1,1,8,4,5,28-06-2024,0
1488,39,48,51.49728752,4,2,8,3,9,05-05-2024,1
1489,60,57,238.6796292,4,0,9,4,8,30-04-2024,1
1490,63,2,246.2447285,2,1,0,3,8,27-03-2024,0
1491,21,10,422.0452681,1,1,7,1,6,17-02-2024,0
1492,43,34,118.4069613,1,0,0,2,9,28-03-2024,0
1493,46,16,196.6857241,2,0,1,2,8,08-03-2024,0
1494,,48,406.1188121,3,2,6,4,4,20-06-2024,0
1495,51,51,413.5755693,1,2,,4,4,10-04-2024,0
1496,40,39,198.4594272,0,0,0,1,7,17-01-2024,0
1497,54,22,234.9707714,2,2,2,3,9,07-02-2024,0
1498,28,12,158.6100865,1,1,,2,3,17-05-2024,0
1499,23,24,466.9518904,3,2,8,3,8,23-02-2024,0
1500,35,47,68.13544521,1,2,7,1,6,13-05-2024,0
1501,38,40,467.5372173,4,1,7,2,6,13-05-2024,1
1502,59,38,345.0945614,0,2,8,2,2,21-02-2024,0
1503,53,59,270.4703548,2,1,9,0,3,15-01-2024,0
1504,58,10,26.00293978,4,2,2,1,6,08-03-2024,1
1505,55,35,243.042134,3,0,7,1,4,21-04-2024,0
1506,51,51,209.7965715,4,2,0,0,2,13-04-2024,1
1507,34,49,88.99721787,4,0,7,3,0,07-01-2024,1
1508,54,32,331.6407057,3,0,6,0,6,20-02-2024,0
1509,42,7,485.8639446,4,0,7,1,5,27-02-2024,1
1510,55,21,,2,0,,3,9,18-04-2024,0
1511,29,20,360.2291055,1,0,5,2,6,20-04-2024,0
1512,40,26,43.54072176,4,1,6,0,1,02-06-2024,1
1513,,4,214.656828,2,1,4,3,3,31-01-2024,0
1514,39,46,67.01565773,1,1,4,3,1,01-04-2024,0
1515,38,52,,1,0,6,3,7,15-04-2024,0
1516,44,22,469.8562575,4,2,2,0,6,13-01-2024,1
1517,48,15,334.2710889,2,1,5,2,0,25-05-2024,0
1518,,56,47.63349367,4,2,6,3,1,28-04-2024,1
1519,44,40,183.7864404,3,2,0,0,1,20-05-2024,0
1520,57,21,279.8250559,1,0,1,1,3,24-04-2024,0
1521,51,15,207.5718005,4,0,3,0,2,31-05-2024,1
1522,29,22,418.4855651,1,0,,0,0,26-02-2024,0
1523,62,52,409.1887923,2,1,9,0,1,05-05-2024,0
1524,,28,309.7971999,0,0,5,3,8,05-06-2024,0
1525,27,14,192.9943931,4,1,0,0,0,23-02-2024,1
1526,62,27,135.1148231,4,1,9,1,8,12-05-2024,1
1527,34,41,61.87841592,1,1,4,3,6,11-06-2024,0
1528,43,40,183.8998649,2,1,6,1,1,19-01-2024,0
1529,38,58,212.4545334,3,0,5,4,1,17-03-2024,0
1530,45,28,341.1532333,2,1,8,0,4,09-03-2024,0
1531,63,26,332.4983139,4,0,7,3,4,13-02-2024,1
1532,19,49,44.35298842,3,0,,3,3,07-02-2024,0
1533,60,2,203.6770646,2,1,4,0,9,02-03-2024,0
1534,18,25,99.07164494,0,0,6,2,9,22-01-2024,0
1535,68,56,86.83822561,1,2,7,2,2,13-03-2024,0
1536,53,3,415.3780534,2,0,4,1,3,16-06-2024,0
1537,68,8,30.53845619,2,0,8,0,9,02-06-2024,0
1538,43,44,215.3996092,0,1,9,0,3,04-05-2024,0
1539,46,33,92.41979133,4,1,3,4,1,05-01-2024,1
1540,38,42,440.8718057,1,0,3,2,4,23-02-2024,0
1541,28,52,282.9498515,2,1,7,2,4,26-03-2024,0
1542,57,35,123.3765118,3,2,0,0,4,25-06-2024,0
1543,28,6,256.1893707,2,2,7,1,9,03-01-2024,0
1544,53,39,368.4283163,1,1,4,0,0,07-02-2024,0
1545,66,52,,2,0,0,1,5,21-05-2024,0
1546,56,23,118.0185421,0,2,3,2,1,23-06-2024,0
1547,57,25,444.2290683,2,2,1,4,6,21-05-2024,0
1548,52,59,467.8090159,2,0,3,3,3,13-03-2024,0
1549,51,50,459.0460668,3,1,7,2,4,07-02-2024,0
1550,64,43,321.3530349,0,2,4,1,4,20-06-2024,0
1551,41,19,318.6121207,0,0,0,0,4,04-05-2024,0
1552,39,5,207.5732103,2,0,6,2,1,10-03-2024,0
1553,22,51,378.6749623,3,2,0,4,4,05-03-2024,0
1554,50,11,270.334069,2,1,8,1,2,25-01-2024,0
1555,53,56,341.9446549,2,2,2,0,3,16-01-2024,0
1556,64,12,219.9443729,1,0,2,3,1,15-01-2024,0
1557,37,10,368.4332674,1,2,5,1,3,10-05-2024,0
1558,36,8,413.9910436,3,1,9,0,8,06-02-2024,0
1559,52,24,81.75376574,4,0,5,3,7,04-05-2024,1
1560,69,28,418.1355606,1,1,5,0,2,22-04-2024,0
1561,60,41,274.7453006,4,2,0,3,0,14-06-2024,1
1562,34,36,423.8862955,0,2,4,3,0,01-01-2024,0
1563,62,37,221.3378361,1,1,5,3,5,11-03-2024,0
1564,60,21,195.7298378,1,2,7,0,2,12-04-2024,0
1565,51,8,458.3797589,3,1,0,3,3,19-01-2024,0
1566,,55,133.0729411,4,2,4,1,0,21-02-2024,1
1567,43,9,423.6640394,1,1,2,4,7,27-04-2024,0
1568,19,47,247.1700805,1,1,1,4,0,06-06-2024,0
1569,26,15,261.9067669,3,0,7,3,4,16-04-2024,0
1570,26,48,161.1494579,3,0,6,4,5,24-02-2024,0
1571,57,46,290.7906783,4,1,9,4,1,14-01-2024,1
1572,34,40,169.3534862,0,2,6,3,6,13-01-2024,0
1573,18,18,29.24201298,0,2,4,3,6,24-03-2024,0
1574,42,42,143.2793166,2,2,8,1,0,30-03-2024,0
1575,60,20,13.12573127,1,1,4,2,3,27-01-2024,1
1576,57,6,489.3938457,4,1,1,0,3,29-03-2024,1
1577,59,12,483.2161328,1,1,2,3,4,16-05-2024,0
1578,42,2,203.6260958,4,1,3,3,0,10-02-2024,1
1579,56,7,366.9017186,4,0,4,4,0,17-02-2024,1
1580,52,16,179.4449882,4,1,2,1,6,12-01-2024,1
1581,,3,338.835647,1,2,6,4,8,17-05-2024,0
1582,67,45,404.6607211,3,0,4,3,0,06-01-2024,0
1583,54,3,473.9105599,1,2,4,3,1,10-06-2024,0
1584,61,27,206.1040152,4,1,5,4,5,28-06-2024,1
1585,61,50,393.8160116,2,0,6,3,5,10-02-2024,0
1586,68,43,140.3049408,0,1,9,2,1,06-01-2024,0
1587,47,40,495.2628289,4,0,9,0,8,09-05-2024,1
1588,55,38,22.62710339,2,2,7,0,3,15-01-2024,1
1589,51,33,305.7291152,3,1,8,0,6,24-05-2024,0
1590,29,28,333.157931,4,1,3,2,5,16-01-2024,1
1591,36,1,,2,0,4,3,2,04-06-2024,0
1592,54,55,68.98991361,4,0,4,4,7,25-03-2024,1
1593,61,8,,1,1,7,1,6,10-01-2024,0
1594,66,37,98.77980673,2,0,8,3,8,17-05-2024,0
1595,34,32,315.1491676,1,1,6,2,2,17-05-2024,0
1596,27,48,119.1112788,1,0,4,2,0,04-06-2024,0
1597,66,43,160.5360443,2,2,2,0,1,31-05-2024,0
1598,64,37,277.7646854,0,0,0,3,0,19-01-2024,0
1599,29,4,214.4247751,2,2,8,0,4,08-03-2024,0
1600,33,30,88.51054448,0,0,4,1,9,11-02-2024,0
1601,41,6,93.75883719,4,0,8,0,1,19-05-2024,1
1602,36,46,,4,1,9,1,2,25-05-2024,1
1603,25,54,381.0686594,2,0,3,2,7,30-05-2024,0
1604,48,19,450.002677,4,0,4,0,9,24-03-2024,1
1605,38,32,51.22255451,3,2,3,0,4,13-05-2024,0
1606,34,9,202.6209147,1,0,1,4,3,22-02-2024,0
1607,40,12,59.12032622,1,1,0,2,4,07-04-2024,0
1608,54,11,18.13031551,0,2,7,4,9,11-02-2024,1
1609,33,46,334.2421545,4,1,3,1,5,30-01-2024,1
1610,23,55,305.2002266,0,1,4,1,6,09-01-2024,0
1611,25,16,89.87936577,1,1,5,2,8,18-06-2024,0
1612,42,1,124.5682882,1,1,7,1,0,03-02-2024,0
1613,35,45,21.61679929,4,2,7,2,3,16-06-2024,1
1614,42,55,419.1241308,3,0,6,1,8,28-03-2024,0
1615,29,53,,3,1,3,3,4,24-05-2024,0
1616,32,21,76.37517303,4,2,5,0,7,05-06-2024,1
1617,43,30,123.4228547,4,1,3,3,0,19-02-2024,1
1618,58,13,435.5206667,0,0,6,2,3,16-03-2024,0
1619,62,34,463.967261,4,2,0,2,8,25-06-2024,1
1620,43,4,215.6174176,3,2,4,3,0,15-02-2024,0
1621,64,28,34.80501141,4,0,9,0,0,15-02-2024,1
1622,49,38,29.30199851,0,2,9,0,3,05-05-2024,1
1623,27,58,291.2354344,0,0,,4,2,17-01-2024,0
1624,33,31,202.5186034,0,2,6,1,6,06-03-2024,0
1625,24,59,24.03968951,0,2,8,4,2,13-04-2024,1
1626,34,55,295.7936722,2,0,4,0,0,05-01-2024,0
1627,40,27,15.53824293,4,0,3,3,9,02-05-2024,1
1628,43,5,395.8122595,1,2,8,1,1,04-05-2024,0
1629,38,25,160.1520831,4,2,4,3,9,21-04-2024,1
1630,,3,29.72642147,2,0,8,4,3,16-01-2024,1
1631,24,33,298.2925883,0,0,7,2,0,21-03-2024,0
1632,31,4,204.8653631,2,2,3,3,0,31-03-2024,0
1633,32,25,487.1622025,3,2,6,4,7,14-05-2024,0
1634,24,20,276.6573446,3,2,4,4,6,15-05-2024,0
1635,26,34,144.8671987,4,0,9,4,7,12-03-2024,1
1636,68,26,357.6250437,4,2,3,2,3,05-04-2024,1
1637,65,5,143.0310812,1,1,4,2,5,20-04-2024,0
1638,,35,453.0792128,1,0,4,2,2,22-03-2024,0
1639,67,28,193.6137655,3,2,8,1,7,07-02-2024,0
1640,40,29,279.4355958,0,0,8,2,3,23-02-2024,0
1641,46,9,34.78082087,2,1,5,2,2,16-03-2024,0
1642,35,52,218.7994066,1,0,3,2,3,15-01-2024,0
1643,48,38,417.8581344,1,2,1,3,5,26-06-2024,0
1644,47,50,404.7679146,0,1,2,2,6,25-04-2024,0
1645,69,6,119.9160938,0,1,1,1,6,09-01-2024,0
1646,56,19,120.7787448,4,2,4,4,3,08-01-2024,1
1647,52,44,410.479603,2,2,5,3,7,19-04-2024,0
1648,35,57,465.8952259,0,2,,0,6,26-05-2024,0
1649,59,11,56.72685142,1,0,1,2,1,20-02-2024,0
1650,56,2,230.5287333,1,0,4,4,7,31-01-2024,0
1651,34,47,175.3525967,3,0,8,4,8,11-04-2024,0
1652,,44,436.6373432,0,2,3,3,4,03-01-2024,0
1653,48,44,50.92720819,4,2,9,0,3,08-04-2024,1
1654,41,9,113.4517119,2,0,1,1,3,23-03-2024,0
1655,52,21,378.7094854,4,1,2,4,3,12-02-2024,1
1656,61,24,35.133986,1,0,2,4,5,29-01-2024,1
1657,62,34,251.3423366,4,1,,4,3,10-01-2024,1
1658,51,22,226.632447,1,2,3,4,6,19-05-2024,0
1659,20,3,173.8565777,1,2,0,3,6,15-02-2024,0
1660,54,12,203.3404345,1,0,0,0,4,30-01-2024,0
1661,,28,269.6708876,1,0,6,4,4,03-04-2024,0
1662,57,30,89.07000561,1,2,6,1,9,01-02-2024,0
1663,43,26,290.2779804,3,0,1,1,7,16-02-2024,0
1664,40,48,404.6618414,4,2,8,2,6,28-03-2024,1
1665,61,21,382.4788556,3,2,8,4,6,03-03-2024,0
1666,56,28,85.4109533,3,1,4,4,5,02-06-2024,0
1667,32,56,83.13224017,0,0,2,4,6,10-05-2024,0
1668,66,26,141.4054402,0,2,2,4,6,23-01-2024,0
1669,21,33,186.9266159,0,0,2,4,9,14-03-2024,0
1670,46,21,210.1432349,2,1,5,1,1,19-02-2024,0
1671,39,35,343.0516362,0,1,3,0,9,12-06-2024,0
1672,42,52,37.77341176,4,0,7,0,1,03-05-2024,1
1673,30,34,26.98962507,3,0,4,2,9,13-01-2024,0
1674,35,41,202.0361758,4,2,0,1,6,05-05-2024,1
1675,50,51,351.6102091,0,1,8,4,9,29-01-2024,0
1676,,47,104.783318,2,1,0,0,6,14-06-2024,0
1677,62,18,324.3371958,2,1,5,3,6,30-04-2024,0
1678,59,58,137.3157876,3,0,0,3,4,30-03-2024,0
1679,61,11,444.1821933,4,2,2,3,0,12-05-2024,1
1680,19,57,448.8880727,1,0,9,4,1,27-05-2024,0
1681,52,23,,4,0,4,4,8,18-03-2024,1
1682,,48,122.6969394,0,0,9,2,7,18-04-2024,0
1683,51,22,211.5389463,1,2,6,2,7,14-01-2024,0
1684,47,17,127.8604767,2,0,9,2,9,15-05-2024,0
1685,30,5,339.4680832,3,1,7,3,0,17-02-2024,0
1686,30,44,414.7716954,3,1,8,4,5,20-05-2024,0
1687,35,11,339.8151441,2,1,5,3,8,24-01-2024,0
1688,49,30,413.9317192,0,2,8,2,7,19-03-2024,0
1689,49,15,204.5261595,2,0,7,4,2,10-06-2024,0
1690,52,27,86.59531565,0,2,8,1,3,20-02-2024,0
1691,56,35,371.5959642,1,0,9,0,2,03-01-2024,0
1692,63,33,186.6325075,2,1,3,0,5,07-05-2024,0
1693,69,20,338.9227044,0,0,8,2,8,28-04-2024,0
1694,46,16,142.6155316,1,0,6,3,7,27-02-2024,0
1695,66,34,49.80252106,2,0,4,1,9,04-05-2024,1
1696,46,2,,3,2,4,4,3,22-04-2024,0
1697,61,35,86.53873889,2,0,0,3,1,24-02-2024,0
1698,33,40,494.326287,4,0,1,2,7,28-04-2024,1
1699,61,56,488.867167,2,0,9,3,7,29-04-2024,0
1700,64,28,398.9708709,4,2,2,2,5,20-03-2024,1
1701,27,47,333.1172514,1,2,,0,7,11-02-2024,0
1702,47,39,293.1254546,2,2,5,0,8,21-01-2024,0
1703,42,6,434.3897572,1,0,9,3,0,10-01-2024,0
1704,56,9,151.8253656,1,1,4,1,8,26-02-2024,0
1705,37,20,239.1637941,0,1,0,4,1,01-06-2024,0
1706,22,1,313.501085,1,1,8,2,0,25-02-2024,0
1707,,8,211.4833332,1,0,2,4,7,07-02-2024,0
1708,47,55,,2,1,2,0,7,26-03-2024,0
1709,66,23,171.8394871,2,1,1,1,3,22-04-2024,0
1710,20,3,286.4735902,3,1,3,1,7,21-04-2024,0
1711,,4,426.7815187,0,0,1,4,6,23-06-2024,0
1712,31,58,108.7489052,1,1,8,0,1,23-02-2024,0
1713,47,25,467.872189,0,1,9,4,4,15-02-2024,0
1714,67,47,,4,0,6,3,9,04-01-2024,1
1715,21,38,413.4038742,1,2,7,1,3,19-06-2024,0
1716,35,15,282.5334394,0,1,2,1,2,02-03-2024,0
1717,54,21,391.9631837,3,2,5,3,0,03-05-2024,0
1718,,35,17.9381947,3,1,9,0,4,07-05-2024,0
1719,65,57,411.0064081,1,0,5,1,9,21-04-2024,0
1720,18,53,29.66804095,4,2,,2,7,25-03-2024,1
1721,63,53,446.0575544,3,2,5,2,8,04-01-2024,0
1722,32,46,496.0617461,3,2,2,0,6,05-03-2024,0
1723,26,52,154.0930565,4,2,2,3,0,02-03-2024,1
1724,32,14,113.0560926,0,1,2,4,0,30-03-2024,0
1725,66,36,385.0280483,3,1,9,0,0,29-04-2024,0
1726,41,12,133.9829071,2,2,,4,1,09-05-2024,0
1727,21,17,434.1255678,3,1,7,0,0,16-05-2024,0
1728,29,39,,0,2,4,2,3,14-02-2024,0
1729,54,9,71.71804623,0,2,3,3,9,25-05-2024,0
1730,54,35,489.784262,1,0,8,2,8,21-04-2024,0
1731,60,13,340.1810602,2,2,8,3,3,24-06-2024,0
1732,23,15,424.97474,0,1,,4,3,11-02-2024,0
1733,56,18,168.9213949,4,2,1,0,6,10-02-2024,1
1734,63,51,341.4770373,2,0,7,1,8,29-03-2024,0
1735,41,33,301.1784954,2,1,4,1,6,11-02-2024,0
1736,28,6,305.5435589,4,0,6,3,0,04-02-2024,1
1737,30,59,344.4409052,3,0,0,3,0,14-06-2024,0
1738,51,27,291.9259948,4,2,9,2,3,07-03-2024,1
1739,42,23,,4,0,4,1,3,10-02-2024,1
1740,24,59,,3,0,2,2,0,08-04-2024,0
1741,69,27,386.6048521,3,1,9,4,5,19-02-2024,0
1742,21,34,120.8734907,3,0,1,1,9,13-04-2024,0
1743,25,56,349.25361,3,2,,4,1,26-03-2024,0
1744,37,46,124.3330831,3,2,8,0,4,19-03-2024,0
1745,46,38,316.4117833,4,2,3,2,7,14-02-2024,1
1746,68,14,,1,0,3,3,2,26-05-2024,0
1747,62,36,117.1698056,1,1,6,1,8,15-04-2024,0
1748,63,53,39.37221742,0,2,9,2,6,24-05-2024,1
1749,27,8,74.17713407,1,0,9,3,8,01-05-2024,0
1750,60,35,306.938514,1,2,1,0,0,17-03-2024,0
1751,51,19,426.2287391,4,2,2,1,4,25-02-2024,1
1752,43,30,32.04844241,3,1,2,4,2,21-04-2024,1
1753,58,14,369.7341169,3,2,5,0,3,02-04-2024,0
1754,66,59,177.2461365,4,1,2,3,3,10-02-2024,1
1755,20,20,244.4789013,1,0,4,1,6,18-06-2024,0
1756,23,49,465.1411794,4,2,3,1,9,06-01-2024,1
1757,22,25,172.6660373,0,0,2,0,7,07-04-2024,0
1758,22,40,238.0150976,3,0,7,1,9,13-03-2024,0
1759,64,24,16.70438323,2,0,9,3,4,16-06-2024,1
1760,40,14,49.9833728,0,2,2,0,9,10-02-2024,1
1761,66,26,136.7098797,0,1,5,4,6,09-01-2024,0
1762,26,38,23.647598,4,2,6,0,2,08-01-2024,1
1763,52,23,319.3739098,1,0,6,0,2,20-06-2024,0
1764,37,22,218.9351948,3,1,1,4,2,13-04-2024,0
1765,66,48,278.5911493,2,0,2,3,3,13-01-2024,0
1766,59,57,95.57712109,0,1,9,2,5,19-01-2024,0
1767,52,19,155.0066944,2,2,9,2,4,07-04-2024,0
1768,67,46,335.2739927,1,1,3,4,7,05-04-2024,0
1769,35,51,482.9983346,1,2,6,3,4,18-02-2024,0
1770,34,3,34.70421907,2,0,1,1,4,09-04-2024,1
1771,,42,446.2883172,3,1,2,4,9,22-03-2024,0
1772,20,19,292.6717886,1,0,6,2,1,06-06-2024,0
1773,49,9,286.3205877,2,1,6,3,4,06-03-2024,0
1774,52,28,255.1364823,0,2,9,0,6,31-03-2024,0
1775,55,20,,2,1,2,3,1,28-02-2024,0
1776,30,45,54.03965735,2,1,0,3,5,22-02-2024,0
1777,64,7,304.4468828,4,2,2,2,6,21-02-2024,1
1778,42,14,177.0697,1,2,4,2,4,21-03-2024,0
1779,26,9,459.4613526,3,2,6,1,8,07-06-2024,0
1780,21,59,209.2293633,3,1,3,1,3,15-01-2024,0
1781,31,55,80.20791476,4,0,0,4,9,30-04-2024,1
1782,54,57,360.2122284,3,1,5,0,0,27-05-2024,0
1783,51,19,153.7431765,2,1,1,1,7,05-01-2024,0
1784,28,47,267.4804506,4,0,2,2,7,14-05-2024,1
1785,58,52,351.9380649,0,2,3,3,6,18-01-2024,0
1786,20,14,451.1294145,1,1,5,4,7,25-02-2024,0
1787,45,56,398.1736855,1,0,5,1,1,15-03-2024,0
1788,46,38,341.4169233,1,2,6,3,2,05-04-2024,0
1789,26,53,343.0202594,2,2,4,3,8,23-04-2024,0
1790,20,36,473.5030756,0,1,6,1,0,10-04-2024,0
1791,42,40,154.9538078,4,2,1,0,7,21-06-2024,1
1792,51,17,10.54492616,4,2,0,0,7,28-01-2024,1
1793,29,30,143.2577341,1,0,9,4,6,19-02-2024,0
1794,59,9,116.766776,0,0,7,0,4,02-01-2024,0
1795,26,33,334.2989467,0,2,0,4,3,08-03-2024,0
1796,32,56,320.5186839,0,0,1,2,9,07-05-2024,0
1797,57,52,300.7960775,3,2,9,1,9,17-03-2024,0
1798,42,25,17.95928717,3,1,5,3,9,24-01-2024,0
1799,22,14,367.1012467,1,0,0,4,9,21-04-2024,0
1800,28,11,168.5299021,0,2,9,0,5,24-06-2024,0
1801,51,53,335.8774346,0,2,2,4,0,21-06-2024,0
1802,41,35,282.72343,4,0,6,4,4,28-04-2024,1
1803,32,41,177.9381535,4,0,7,0,3,05-02-2024,1
1804,55,59,75.94237088,1,1,3,0,3,02-01-2024,0
1805,25,14,56.26525985,0,2,2,1,6,06-05-2024,0
1806,22,30,417.4439832,1,1,0,3,8,14-04-2024,0
1807,65,41,460.0147956,4,1,8,1,7,18-01-2024,1
1808,43,4,328.3961429,4,1,9,1,7,25-06-2024,1
1809,35,59,60.68271628,3,0,5,0,4,08-01-2024,0
1810,23,4,206.9933363,1,1,5,0,5,15-01-2024,0
1811,54,28,367.1802081,1,0,8,3,1,24-05-2024,0
1812,65,8,,0,0,0,4,2,23-01-2024,0
1813,,2,67.92712492,0,1,5,1,4,02-04-2024,0
1814,45,41,10.01505223,3,1,4,3,1,03-06-2024,1
1815,22,46,358.9471525,2,2,5,1,2,13-06-2024,0
1816,30,22,184.7321262,2,1,7,4,3,18-02-2024,0
1817,34,41,134.6958525,2,2,4,1,5,04-03-2024,0
1818,67,56,16.3197602,1,1,1,2,4,03-02-2024,0
1819,57,55,274.7467093,1,1,1,3,9,18-01-2024,0
1820,62,16,427.0638604,4,1,9,0,3,04-03-2024,1
1821,49,29,479.2395067,1,1,4,1,1,15-04-2024,0
1822,46,49,287.2150258,1,2,2,3,4,14-03-2024,0
1823,68,48,262.0860506,1,2,9,3,4,11-04-2024,0
1824,20,30,51.67762889,3,1,2,1,6,20-06-2024,0
1825,57,12,278.9476728,1,1,7,0,0,17-01-2024,0
1826,51,35,196.1897487,0,2,6,0,3,20-05-2024,0
1827,57,11,307.4962876,0,0,0,1,4,21-02-2024,0
1828,44,46,200.4759105,4,0,4,3,7,18-06-2024,1
1829,30,50,127.7465705,3,0,8,0,7,04-03-2024,0
1830,62,21,56.53298486,0,2,3,1,0,03-02-2024,0
1831,50,21,164.3100378,3,2,0,1,4,04-04-2024,0
1832,23,5,57.3559688,3,0,7,1,9,27-03-2024,0
1833,41,48,96.6795059,4,0,4,3,0,11-04-2024,1
1834,36,20,493.7947177,3,1,1,0,0,09-06-2024,0
1835,33,37,227.6107429,1,2,0,3,1,19-05-2024,0
1836,57,3,270.6171656,3,2,2,2,1,16-03-2024,0
1837,45,44,438.0730791,4,0,8,0,8,19-01-2024,1
1838,50,33,497.8287612,4,0,0,3,3,16-05-2024,1
1839,65,53,295.5300802,4,2,3,0,2,14-03-2024,1
1840,58,9,408.1121723,0,1,7,2,0,24-05-2024,0
1841,,9,170.2011019,1,0,7,4,1,19-02-2024,0
1842,,4,159.8145391,0,2,9,1,5,08-02-2024,0
1843,,35,207.3248233,2,2,,3,8,17-06-2024,0
1844,42,17,339.5285587,1,1,9,2,4,17-05-2024,0
1845,59,34,344.2739277,3,1,7,2,3,12-01-2024,0
1846,53,24,164.467323,4,0,3,0,4,19-03-2024,1
1847,44,32,75.27286283,2,0,7,0,8,15-01-2024,0
1848,55,1,319.8741657,1,0,8,1,6,28-01-2024,0
1849,24,8,72.87967247,0,2,6,0,7,11-05-2024,0
1850,22,45,293.461329,4,0,1,3,3,05-02-2024,1
1851,60,23,349.7768427,0,2,8,3,7,28-04-2024,0
1852,62,47,353.2996332,1,0,7,3,5,05-03-2024,0
1853,68,40,379.2013342,1,1,4,4,4,07-04-2024,0
1854,48,12,437.7011166,2,1,2,3,6,16-02-2024,0
1855,40,54,254.9799061,3,2,,0,5,21-03-2024,0
1856,59,12,367.8221029,0,1,1,0,2,08-02-2024,0
1857,27,46,313.3946403,2,2,2,3,4,07-02-2024,0
1858,49,47,101.4535705,4,2,8,2,8,13-02-2024,1
1859,60,15,22.58792599,3,1,3,2,6,27-06-2024,0
1860,47,41,149.425279,2,2,3,2,3,06-04-2024,0
1861,56,19,227.0865161,0,1,2,1,6,03-05-2024,0
1862,48,26,312.3819128,1,0,4,4,4,26-01-2024,0
1863,35,52,426.4800719,4,0,2,3,1,12-06-2024,1
1864,53,29,106.1604012,0,1,8,1,5,06-04-2024,0
1865,19,22,71.51939705,3,1,2,2,6,01-01-2024,0
1866,31,40,482.1051743,3,1,1,3,7,22-02-2024,0
1867,30,21,62.94183409,1,1,4,1,5,06-01-2024,0
1868,46,51,244.4606244,1,0,5,0,7,06-02-2024,0
1869,29,38,296.9262271,4,2,0,2,6,02-01-2024,1
1870,56,20,275.2734662,4,2,5,1,1,02-05-2024,1
1871,19,57,52.15575695,1,0,9,0,5,09-03-2024,0
1872,49,29,37.94318786,1,2,2,2,8,17-06-2024,0
1873,30,51,61.68687946,3,0,3,4,5,27-06-2024,0
1874,63,4,296.9379651,1,2,5,2,3,23-06-2024,0
1875,44,55,276.7289949,2,1,7,4,6,13-01-2024,0
1876,66,7,124.5329881,0,1,8,4,2,09-03-2024,0
1877,58,28,322.5093295,1,1,5,4,4,06-03-2024,0
1878,34,28,411.833076,4,0,6,3,0,28-02-2024,1
1879,57,4,30.37369032,2,0,4,3,9,08-03-2024,0
1880,48,22,254.0836723,4,2,8,4,2,28-02-2024,1
1881,51,12,347.7621019,2,2,,0,7,26-04-2024,0
1882,41,45,133.6328443,1,2,9,4,8,10-01-2024,0
1883,62,3,160.8077436,0,0,5,1,8,20-05-2024,0
1884,52,22,310.6825725,4,2,4,4,9,09-05-2024,1
1885,65,44,449.9882938,2,1,0,3,1,15-01-2024,0
1886,23,2,406.8629659,3,2,4,3,3,15-02-2024,0
1887,36,24,295.7338074,1,1,4,1,4,17-05-2024,0
1888,47,34,367.8086417,0,0,8,1,2,29-05-2024,0
1889,24,27,,1,1,0,2,0,29-03-2024,0
1890,27,55,324.0731088,3,1,4,0,5,17-03-2024,0
1891,58,41,238.4289797,0,1,6,0,9,15-05-2024,0
1892,49,1,103.0687069,3,0,5,0,1,28-05-2024,0
1893,51,8,353.8517542,1,0,5,3,8,29-05-2024,0
1894,45,23,282.6676723,2,0,6,0,0,19-04-2024,0
1895,32,38,185.7245752,1,0,5,2,8,06-04-2024,0
1896,47,6,,1,2,4,2,6,14-02-2024,0
1897,54,22,20.25771774,1,0,9,0,9,31-03-2024,0
1898,46,25,164.7288441,4,1,4,1,1,16-06-2024,1
1899,39,18,37.87188491,3,0,8,2,5,23-04-2024,0
1900,21,17,385.5983849,3,2,7,1,7,29-05-2024,0
1901,37,12,354.0326525,3,2,9,3,1,06-06-2024,0
1902,49,6,172.3625872,4,2,3,2,4,13-03-2024,1
1903,53,26,341.0748221,2,1,3,1,5,21-06-2024,0
1904,67,27,204.0092408,1,0,9,0,2,04-02-2024,0
1905,21,8,380.5643578,2,0,4,3,1,11-02-2024,0
1906,44,19,232.5499947,4,0,2,4,5,12-05-2024,1
1907,34,42,212.0170666,3,1,7,4,2,27-01-2024,0
1908,29,1,468.0176586,1,1,6,0,1,01-02-2024,0
1909,39,57,132.9307589,0,2,4,3,0,15-05-2024,0
1910,34,29,,0,2,9,3,7,12-04-2024,0
1911,27,45,296.4261255,2,0,2,3,0,25-03-2024,0
1912,,49,484.967688,3,1,4,3,4,25-05-2024,0
1913,39,35,195.1412147,0,1,2,4,5,18-03-2024,0
1914,,40,40.39801418,2,0,9,1,2,22-05-2024,0
1915,35,14,176.259581,4,0,4,3,6,02-06-2024,1
1916,67,35,257.9065106,2,2,0,1,1,13-02-2024,0
1917,31,48,89.34227325,2,2,5,3,6,01-02-2024,0
1918,64,45,332.4700868,2,2,9,2,1,28-01-2024,0
1919,46,20,498.8972006,1,0,3,2,4,15-06-2024,0
1920,29,56,231.3523432,2,0,3,2,6,08-06-2024,0
1921,53,49,183.8169928,2,2,7,3,2,17-03-2024,0
1922,52,13,206.3450417,1,2,1,1,3,18-01-2024,0
1923,69,38,66.42162741,1,1,3,4,0,12-04-2024,0
1924,,49,442.8040647,4,1,1,0,2,10-03-2024,1
1925,24,46,213.2645712,3,2,0,4,8,28-04-2024,0
1926,46,49,199.7644616,0,2,9,3,9,18-05-2024,0
1927,28,8,333.2482337,0,1,,2,4,08-06-2024,0
1928,50,43,226.5963763,2,2,7,2,7,27-05-2024,0
1929,23,20,327.6343997,4,1,5,1,1,06-04-2024,1
1930,64,33,40.10868216,2,1,6,3,2,16-06-2024,0
1931,32,26,408.7244384,0,1,1,4,6,15-05-2024,0
1932,49,39,470.8469369,1,0,5,3,9,04-02-2024,0
1933,68,21,327.8950392,3,0,7,3,3,09-03-2024,0
1934,28,53,,4,2,7,2,8,05-05-2024,1
1935,40,49,84.20183404,1,1,3,4,6,08-04-2024,0
1936,43,42,243.9339328,3,0,5,0,0,18-03-2024,0
1937,51,43,304.8852996,4,2,4,2,3,28-05-2024,1
1938,63,54,295.0509572,4,2,8,4,9,20-04-2024,1
1939,51,41,206.7162718,0,2,7,1,5,31-05-2024,0
1940,46,9,175.6613606,1,2,1,2,5,17-01-2024,0
1941,,24,,4,2,6,1,9,25-05-2024,1
1942,34,37,201.9538008,4,1,6,2,5,19-05-2024,1
1943,52,49,89.7037994,3,2,0,3,4,23-05-2024,0
1944,,41,369.8391815,0,1,0,4,2,04-01-2024,0
1945,58,17,112.3271584,2,0,3,1,1,10-06-2024,0
1946,56,24,38.69699959,0,2,4,2,2,01-04-2024,1
1947,32,21,280.6594075,2,0,3,1,8,22-06-2024,0
1948,46,51,301.662569,1,1,6,2,2,15-03-2024,0
1949,46,59,437.2374,1,1,2,2,2,07-06-2024,0
1950,28,39,292.7209901,4,0,6,0,0,01-06-2024,1
1951,69,55,179.2856183,1,2,7,0,1,12-04-2024,0
1952,49,41,403.4758219,4,2,5,0,2,24-01-2024,1
1953,19,39,274.7366577,0,0,5,1,1,05-03-2024,0
1954,64,13,48.84733947,1,0,7,3,7,26-04-2024,1
1955,31,11,287.2667746,0,0,7,2,5,01-06-2024,0
1956,37,46,,0,2,6,4,6,04-06-2024,0
1957,39,19,204.1931865,1,2,5,0,0,12-06-2024,0
1958,28,11,155.1996429,0,2,5,1,5,22-03-2024,0
1959,44,13,80.30003394,1,0,9,1,1,06-01-2024,0
1960,20,46,84.20830575,1,2,5,1,5,06-03-2024,0
1961,34,45,222.0580273,1,1,7,4,2,07-03-2024,0
1962,61,1,301.8831138,2,0,0,4,6,12-03-2024,0
1963,45,40,49.50154853,0,2,4,0,2,04-04-2024,0
1964,46,44,470.3886086,3,0,2,4,8,17-02-2024,0
1965,38,19,380.0154725,1,1,7,0,2,10-03-2024,0
1966,64,12,297.44572,0,1,5,4,6,18-03-2024,0
1967,33,8,415.9349488,4,0,,4,3,07-03-2024,1
1968,54,8,,1,0,6,4,7,24-06-2024,1
1969,37,53,243.6510501,1,1,6,0,1,05-03-2024,0
1970,23,45,318.7456322,3,0,4,2,7,20-06-2024,0
1971,36,12,416.039924,2,1,7,0,8,03-03-2024,0
1972,22,48,393.9000844,2,1,4,2,7,15-02-2024,0
1973,20,33,145.7639324,1,2,0,1,5,26-05-2024,0
1974,18,45,471.0312831,0,0,8,1,9,13-03-2024,0
1975,55,26,70.9294623,4,0,3,0,0,11-03-2024,1
1976,32,39,438.8154731,4,2,1,2,6,19-04-2024,1
1977,51,28,485.7607223,0,1,3,2,0,26-06-2024,0
1978,52,58,96.80522638,1,0,8,2,6,03-03-2024,0
1979,66,5,363.8123715,4,2,1,1,1,10-02-2024,1
1980,42,8,29.7399042,2,2,3,0,7,07-01-2024,0
1981,41,25,208.6571843,0,0,1,3,1,16-05-2024,0
1982,29,27,,3,2,4,2,2,04-01-2024,0
1983,35,46,294.5161607,1,1,2,2,2,29-03-2024,0
1984,,23,468.6092516,0,2,9,3,0,25-06-2024,0
1985,61,30,339.4028368,4,1,1,0,4,13-05-2024,1
1986,33,45,245.8261961,1,1,8,2,4,22-03-2024,0
1987,44,47,406.7407678,2,0,4,0,9,21-01-2024,0
1988,25,23,475.7610823,1,2,9,2,4,22-05-2024,0
1989,63,49,20.81241285,1,1,4,4,8,07-05-2024,1
1990,42,47,491.4354234,2,1,0,2,5,14-04-2024,0
1991,34,20,52.20474814,2,2,5,4,5,13-04-2024,0
1992,46,18,409.0495218,1,1,6,0,2,08-03-2024,0
1993,25,18,147.3640288,2,2,0,2,4,08-06-2024,0
1994,32,2,,0,0,,1,9,19-04-2024,0
1995,44,4,225.5292635,2,1,7,1,6,05-06-2024,0
1996,63,30,325.5387239,2,1,7,3,2,06-03-2024,0
1997,67,33,196.6664041,1,2,6,1,1,10-06-2024,0
1998,69,36,36.73705006,0,2,4,4,4,27-01-2024,1
1999,24,18,303.7359584,3,2,,1,2,29-02-2024,0
2000,20,37,452.1776053,3,2,8,1,4,27-04-2024,0
